ID,Area Name,Hood ID,Population 2023,Value Year,Count,Rate
1,South Eglinton-Davisville,174,21987,2014,5.0,27.3792572
2,North Toronto,173,15077,2014,4.0,34.39676666
3,Dovercourt Village,172,13837,2014,8.0,58.85815048
4,Junction-Wallace Emerson,171,26240,2014,19.0,80.89581299
5,Yonge-Bay Corridor,170,14731,2014,12.0,116.279068
6,Bay-Cloverhill,169,19055,2014,6.0,42.84490204
7,Bendale-Glen Andrew,156,20773,2014,35.0,187.7581635
8,Downsview,155,17003,2014,37.0,234.5037384
9,Oakdale-Beverley Heights,154,21503,2014,66.0,324.5316467
10,Avondale,153,16149,2014,9.0,70.12622833
11,East Willowdale,152,18285,2014,17.0,107.4996872
12,Yonge-Doris,151,23234,2014,7.0,32.48259735
13,Fenside-Parkwoods,150,22909,2014,19.0,88.59461212
14,Parkwoods-O'Connor Hills,149,14788,2014,16.0,110.7803116
15,East L'Amoreaux,148,23988,2014,7.0,30.8085022
16,L'Amoreaux West,147,24374,2014,11.0,48.50515747
17,Malvern East,146,28098,2014,18.0,66.16187286
18,Malvern West,145,19412,2014,7.0,37.4511795
19,Morningside Heights,144,28167,2014,31.0,117.1491165
20,West Rouge,143,22396,2014,30.0,142.6533508
21,Woburn North,142,29500,2014,26.0,93.23006439
22,Golfdale-Cedarbrae-Woburn,141,28651,2014,22.0,81.35794067
23,Guildwood,140,10332,2014,2.0,20.20610237
24,Scarborough Village,139,17713,2014,20.0,117.7648239
25,Eglinton East,138,24231,2014,19.0,82.33306122
26,West Hill,136,29259,2014,22.0,79.80267334
27,Morningside,135,18463,2014,21.0,117.7724152
28,Highland Creek,134,13871,2014,25.0,190.2008514
29,Centennial Scarborough,133,14609,2014,8.0,58.52231216
30,Milliken,130,28371,2014,39.0,143.1087646
31,Agincourt North,129,31260,2014,17.0,56.12783813
32,Agincourt South-Malvern West,128,28097,2014,33.0,139.5407867
33,Dorset Park,126,26286,2014,51.0,203.8776703
34,Ionview,125,14121,2014,5.0,35.97122192
35,Kennedy Park,124,18173,2014,26.0,146.9590759
36,Cliffcrest,123,17922,2014,19.0,117.1248932
37,Birchcliffe-Cliffside,122,23417,2014,13.0,58.31949997
38,Downtown Yonge East,168,18023,2014,27.0,204.2514496
39,Church-Wellesley,167,22938,2014,11.0,62.40072632
40,St Lawrence-East Bayfront-The Islands,166,31003,2014,20.0,88.66033936
41,Harbourfront-CityPlace,165,31477,2014,14.0,60.38908005
42,Wellington Place,164,28870,2014,28.0,189.2403412
43,Fort York-Liberty Village,163,21860,2014,10.0,66.61781311
44,West Queen West,162,15136,2014,12.0,90.6960907
45,Humber Bay Shores,161,20822,2014,7.0,47.67418289
46,Mimico-Queensway,160,18313,2014,28.0,164.8804626
47,Etobicoke City Centre,159,25495,2014,64.0,328.9642639
48,Islington,158,25937,2014,26.0,112.5589828
49,Bendale South,157,10881,2014,10.0,93.17927551
50,Caledonia-Fairbank,109,10581,2014,11.0,107.3066025
51,Briar Hill-Belgravia,108,15146,2014,14.0,94.8059845
52,Oakwood Village,107,22404,2014,20.0,91.84844971
53,Humewood-Cedarvale,106,15620,2014,11.0,74.84520721
54,Lawrence Park North,105,15581,2014,23.0,152.4390259
55,Lawrence Park South,103,16778,2014,15.0,94.80470276
56,Forest Hill North,102,13172,2014,12.0,92.52120209
57,Forest Hill South,101,12160,2014,5.0,45.19978333
58,Yonge-Eglinton,100,13743,2014,6.0,50.9857254
59,Mount Pleasant East,99,18084,2014,7.0,40.96681595
60,Rosedale-Moore Park,98,23053,2014,10.0,47.19207001
61,Yonge-St.Clair,97,13953,2014,2.0,15.9884882
62,Casa Loma,96,11972,2014,4.0,36.40335083
63,Annex,95,34502,2014,12.0,40.79135132
64,Wychwood,94,14609,2014,5.0,36.7728157
65,Corso Italia-Davenport,92,14784,2014,16.0,111.0494156
66,Weston-Pelham Park,91,12330,2014,23.0,195.0805817
67,Junction Area,90,15252,2014,25.0,173.8767548
68,Oakridge,121,15389,2014,21.0,149.7967072
69,Clairlea-Birchmount,120,28782,2014,44.0,166.6540375
70,Wexford/Maryvale,119,29870,2014,59.0,209.2792206
71,Tam O'Shanter-Sullivan,118,29770,2014,23.0,82.25743103
72,Steeles,116,26395,2014,20.0,78.85502625
73,Mount Dennis,115,14256,2014,27.0,198.5878143
74,Lambton Baby Point,114,8294,2014,7.0,85.147789
75,Weston,113,19809,2014,55.0,296.3362122
76,Beechborough-Greenbrook,112,7057,2014,10.0,150.511734
77,Rockcliffe-Smythe,111,23453,2014,48.0,208.017334
78,Keelesdale-Eglinton West,110,11969,2014,18.0,157.97789
79,Palmerston-Little Italy,80,14699,2014,13.0,90.29032135
80,University,79,7564,2014,8.0,113.6686554
81,Kensington-Chinatown,78,21229,2014,24.0,129.5266876
82,North St.James Town,74,20492,2014,22.0,116.2913589
83,Moss Park,73,22207,2014,26.0,148.2579651
84,Regent Park,72,14166,2014,9.0,82.01950073
85,Cabbagetown-South St.James Town,71,11968,2014,8.0,68.92986298
86,South Riverdale,70,30135,2014,20.0,73.17965698
87,Blake-Jones,69,8229,2014,6.0,75.0
88,North Riverdale,68,12168,2014,12.0,98.11937714
89,Playter Estates-Danforth,67,7764,2014,2.0,25.93697357
90,Danforth,66,10173,2014,8.0,80.98805237
91,Greenwood-Coxwell,65,15400,2014,16.0,107.9039688
92,Woodbine Corridor,64,13282,2014,7.0,55.73692322
93,The Beaches,63,23097,2014,8.0,36.36033249
94,East End-Danforth,62,23011,2014,20.0,92.76868439
95,Taylor-Massey,61,16157,2014,12.0,74.56195068
96,Woodbine-Lumsden,60,8141,2014,2.0,24.57908249
97,Danforth East York,59,17883,2014,6.0,34.27787781
98,Old East York,58,9540,2014,3.0,31.62888718
99,Runnymede-Bloor West Village,89,10772,2014,15.0,144.3556976
100,High Park North,88,24474,2014,8.0,35.72385406
101,High Park-Swansea,87,26135,2014,19.0,81.06147766
102,Roncesvalles,86,15939,2014,12.0,77.29966736
103,South Parkdale,85,23054,2014,13.0,60.75334167
104,Little Portugal,84,17399,2014,11.0,76.60166931
105,Dufferin Grove,83,12709,2014,12.0,99.05893707
106,Trinity-Bellwoods,81,17814,2014,13.0,76.01005554
107,Don Valley Village,47,29424,2014,50.0,180.4402771
108,Pleasant View,46,16732,2014,11.0,66.6707077
109,Flemingdon Park,44,23485,2014,8.0,35.3138504
110,Victoria Village,43,18592,2014,20.0,113.5138168
111,Banbury-Don Mills,42,31047,2014,19.0,68.79820251
112,Bridle Path-Sunnybrook-York Mills,41,10707,2014,6.0,65.46644592
113,St.Andrew-Windfields,40,20205,2014,17.0,92.75931549
114,Bedford Park-Nortown,39,25583,2014,40.0,169.7648773
115,Lansing-Westgate,38,17872,2014,18.0,112.1425476
116,Willowdale West,37,19546,2014,9.0,54.23646927
117,Newtonbrook West,36,26265,2014,50.0,206.3387299
118,Westminster-Branson,35,27742,2014,29.0,108.8220978
119,Bathurst Manor,34,17255,2014,37.0,231.844101
120,Clanton Park,33,19089,2014,70.0,430.2132568
121,Englemount-Lawrence,32,24465,2014,29.0,129.1069336
122,Yorkdale-Glen Park,31,17258,2014,67.0,463.4433289
123,Brookhaven-Amesbury,30,18738,2014,39.0,211.8644104
124,Maple Leaf,29,10575,2014,7.0,68.41281891
125,Rustic,28,10404,2014,7.0,69.27263641
126,York University Heights,27,29897,2014,108.0,374.7267761
127,Glenfield-Jane Heights,25,32251,2014,45.0,142.1486511
128,Broadview North,57,12200,2014,2.0,16.72800255
129,Leaside-Bennington,56,18185,2014,11.0,63.80880737
130,Thorncliffe Park,55,22508,2014,13.0,62.18608093
131,O'Connor-Parkview,54,19901,2014,22.0,115.5401535
132,Henry Farm,53,22782,2014,14.0,95.57618713
133,Bayview Village,52,25685,2014,25.0,121.7789459
134,Newtonbrook East,50,17338,2014,15.0,92.14891052
135,Bayview Woods-Steeles,49,13641,2014,16.0,121.0653763
136,Hillcrest Village,48,18076,2014,11.0,61.92298889
137,Alderwood,20,13503,2014,9.0,72.61578369
138,Long Branch,19,11601,2014,9.0,87.6509552
139,New Toronto,18,12205,2014,9.0,78.38356018
140,Stonegate-Queensway,16,26728,2014,39.0,152.34375
141,Kingsway South,15,10257,2014,18.0,191.6320648
142,Etobicoke West Mall,13,12713,2014,11.0,95.34541321
143,Markland Wood,12,10741,2014,8.0,74.67562866
144,Eringate-Centennial-West Deane,11,19558,2014,28.0,145.7346649
145,Princess-Rosethorn,10,12552,2014,21.0,183.4381561
146,Edenbridge-Humber Valley,9,17271,2014,26.0,167.9586639
147,Humber Heights-Westmount,8,11398,2014,27.0,262.4927063
148,Willowridge-Martingrove-Richview,7,24097,2014,45.0,198.9741821
149,Kingsview Village-The Westway,6,22759,2014,57.0,251.7111969
150,Elms-Old Rexdale,5,9884,2014,7.0,71.29761505
151,Rexdale-Kipling,4,10722,2014,13.0,121.4272385
152,Thistletown-Beaumond Heights,3,10530,2014,10.0,96.12611389
153,Mount Olive-Silverstone-Jamestown,2,35386,2014,62.0,182.4226837
154,West Humber-Clairville,1,36388,2014,309.0,897.2907104
155,Black Creek,24,23047,2014,42.0,186.9824524
156,Pelmo Park-Humberlea,23,12121,2014,29.0,287.043457
157,Humbermede,22,16568,2014,36.0,221.6339417
158,Humber Summit,21,13425,2014,69.0,535.5479736
1,South Eglinton-Davisville,174,21987,2015,4.0,21.77937508
2,North Toronto,173,15077,2015,1.0,8.637070656
3,Dovercourt Village,172,13837,2015,10.0,74.06310272
4,Junction-Wallace Emerson,171,26240,2015,17.0,71.31769562
5,Yonge-Bay Corridor,170,14731,2015,20.0,182.798645
6,Bay-Cloverhill,169,19055,2015,4.0,27.40289116
7,Bendale-Glen Andrew,156,20773,2015,37.0,195.6016083
8,Downsview,155,17003,2015,32.0,202.8140411
9,Oakdale-Beverley Heights,154,21503,2015,70.0,345.2187195
10,Avondale,153,16149,2015,4.0,29.54209709
11,East Willowdale,152,18285,2015,19.0,119.0625381
12,Yonge-Doris,151,23234,2015,5.0,23.13636589
13,Fenside-Parkwoods,150,22909,2015,16.0,74.91338348
14,Parkwoods-O'Connor Hills,149,14788,2015,18.0,124.7574158
15,East L'Amoreaux,148,23988,2015,8.0,35.5492363
16,L'Amoreaux West,147,24374,2015,12.0,53.30490494
17,Malvern East,146,28098,2015,13.0,48.33073044
18,Malvern West,145,19412,2015,18.0,97.01934814
19,Morningside Heights,144,28167,2015,24.0,90.840271
20,West Rouge,143,22396,2015,29.0,138.0689392
21,Woburn North,142,29500,2015,16.0,57.49604797
22,Golfdale-Cedarbrae-Woburn,141,28651,2015,19.0,70.54019165
24,Scarborough Village,139,17713,2015,15.0,88.55827332
25,Eglinton East,138,24231,2015,21.0,91.44350433
26,West Hill,136,29259,2015,18.0,65.13479614
27,Morningside,135,18463,2015,17.0,95.844841
28,Highland Creek,134,13871,2015,11.0,84.75881958
29,Centennial Scarborough,133,14609,2015,7.0,51.18081284
30,Milliken,130,28371,2015,43.0,159.1001587
31,Agincourt North,129,31260,2015,29.0,96.89598846
32,Agincourt South-Malvern West,128,28097,2015,29.0,121.3033829
33,Dorset Park,126,26286,2015,42.0,167.8187561
34,Ionview,125,14121,2015,12.0,85.93526459
35,Kennedy Park,124,18173,2015,12.0,68.08124542
36,Cliffcrest,123,17922,2015,13.0,80.17762756
37,Birchcliffe-Cliffside,122,23417,2015,17.0,76.32902527
38,Downtown Yonge East,168,18023,2015,19.0,144.4976807
39,Church-Wellesley,167,22938,2015,10.0,55.16936874
40,St Lawrence-East Bayfront-The Islands,166,31003,2015,11.0,47.16576767
41,Harbourfront-CityPlace,165,31477,2015,14.0,56.06952667
42,Wellington Place,164,28870,2015,20.0,120.3876495
43,Fort York-Liberty Village,163,21860,2015,15.0,89.90649414
44,West Queen West,162,15136,2015,7.0,52.15318298
45,Humber Bay Shores,161,20822,2015,8.0,50.30813599
46,Mimico-Queensway,160,18313,2015,26.0,151.4533691
47,Etobicoke City Centre,159,25495,2015,76.0,374.7904053
48,Islington,158,25937,2015,24.0,103.1149292
49,Bendale South,157,10881,2015,12.0,111.5345306
50,Caledonia-Fairbank,109,10581,2015,4.0,39.10832977
51,Briar Hill-Belgravia,108,15146,2015,14.0,95.27698517
52,Oakwood Village,107,22404,2015,12.0,55.29189682
53,Humewood-Cedarvale,106,15620,2015,7.0,47.69042206
54,Lawrence Park North,105,15581,2015,22.0,146.315506
55,Lawrence Park South,103,16778,2015,28.0,177.6762543
56,Forest Hill North,102,13172,2015,13.0,100.1386566
57,Forest Hill South,101,12160,2015,13.0,118.4942093
58,Yonge-Eglinton,100,13743,2015,9.0,75.17540741
59,Mount Pleasant East,99,18084,2015,4.0,23.29102135
60,Rosedale-Moore Park,98,23053,2015,26.0,122.9140091
61,Yonge-St.Clair,97,13953,2015,3.0,23.73042297
62,Casa Loma,96,11972,2015,3.0,27.19115448
63,Annex,95,34502,2015,15.0,50.73395157
64,Wychwood,94,14609,2015,15.0,110.2049789
65,Corso Italia-Davenport,92,14784,2015,9.0,62.41331482
66,Weston-Pelham Park,91,12330,2015,16.0,138.3604279
67,Junction Area,90,15252,2015,24.0,166.91008
68,Oakridge,121,15389,2015,15.0,107.020546
69,Clairlea-Birchmount,120,28782,2015,30.0,112.2124557
70,Wexford/Maryvale,119,29870,2015,52.0,184.005661
71,Tam O'Shanter-Sullivan,118,29770,2015,19.0,68.26184082
72,Steeles,116,26395,2015,16.0,63.70187378
73,Mount Dennis,115,14256,2015,14.0,102.744751
74,Lambton Baby Point,114,8294,2015,6.0,73.16181183
75,Weston,113,19809,2015,36.0,195.3336945
76,Beechborough-Greenbrook,112,7057,2015,7.0,105.9642715
77,Rockcliffe-Smythe,111,23453,2015,41.0,178.462616
78,Keelesdale-Eglinton West,110,11969,2015,14.0,122.5490189
79,Palmerston-Little Italy,80,14699,2015,16.0,111.5526733
80,University,79,7564,2015,7.0,99.97143555
81,Kensington-Chinatown,78,21229,2015,28.0,152.7717133
82,North St.James Town,74,20492,2015,11.0,57.88864517
83,Moss Park,73,22207,2015,21.0,114.9802856
84,Regent Park,72,14166,2015,14.0,126.9610977
85,Cabbagetown-South St.James Town,71,11968,2015,7.0,60.92254257
86,South Riverdale,70,30135,2015,23.0,83.16760254
87,Blake-Jones,69,8229,2015,5.0,62.85354996
88,North Riverdale,68,12168,2015,10.0,82.55593109
89,Playter Estates-Danforth,67,7764,2015,7.0,90.79118347
90,Danforth,66,10173,2015,4.0,40.49812698
91,Greenwood-Coxwell,65,15400,2015,17.0,114.6247711
92,Woodbine Corridor,64,13282,2015,10.0,78.91413879
93,The Beaches,63,23097,2015,24.0,109.1256332
94,East End-Danforth,62,23011,2015,14.0,64.89894104
95,Taylor-Massey,61,16157,2015,9.0,56.07825851
96,Woodbine-Lumsden,60,8141,2015,6.0,74.06493378
97,Danforth East York,59,17883,2015,10.0,57.07436752
98,Old East York,58,9540,2015,5.0,52.85971069
99,Runnymede-Bloor West Village,89,10772,2015,12.0,115.1079102
100,High Park North,88,24474,2015,14.0,62.30806732
101,High Park-Swansea,87,26135,2015,16.0,67.31173706
102,Roncesvalles,86,15939,2015,6.0,38.87520981
103,South Parkdale,85,23054,2015,20.0,93.34017944
104,Little Portugal,84,17399,2015,14.0,93.07891846
105,Dufferin Grove,83,12709,2015,7.0,57.70340347
106,Trinity-Bellwoods,81,17814,2015,16.0,94.33406067
107,Don Valley Village,47,29424,2015,28.0,101.2255554
108,Pleasant View,46,16732,2015,6.0,36.67033386
109,Flemingdon Park,44,23485,2015,7.0,30.96796989
110,Victoria Village,43,18592,2015,12.0,68.11602783
111,Banbury-Don Mills,42,31047,2015,21.0,75.96859741
112,Bridle Path-Sunnybrook-York Mills,41,10707,2015,12.0,129.8279724
113,St.Andrew-Windfields,40,20205,2015,25.0,137.1742096
114,Bedford Park-Nortown,39,25583,2015,40.0,170.3069763
115,Lansing-Westgate,38,17872,2015,22.0,134.8782959
116,Willowdale West,37,19546,2015,14.0,82.77166748
117,Newtonbrook West,36,26265,2015,24.0,98.86714935
118,Westminster-Branson,35,27742,2015,19.0,71.0891571
119,Bathurst Manor,34,17255,2015,23.0,143.9659424
120,Clanton Park,33,19089,2015,30.0,180.8972473
121,Englemount-Lawrence,32,24465,2015,21.0,93.48706818
122,Yorkdale-Glen Park,31,17258,2015,53.0,367.2394714
123,Brookhaven-Amesbury,30,18738,2015,42.0,229.3077087
124,Maple Leaf,29,10575,2015,18.0,176.7825623
125,Rustic,28,10404,2015,19.0,188.9043579
126,York University Heights,27,29897,2015,100.0,348.8940125
127,Glenfield-Jane Heights,25,32251,2015,51.0,162.7780762
128,Broadview North,57,12200,2015,4.0,33.61627197
129,Leaside-Bennington,56,18185,2015,14.0,81.71365356
130,Thorncliffe Park,55,22508,2015,12.0,56.64385223
131,O'Connor-Parkview,54,19901,2015,12.0,63.04838943
132,Henry Farm,53,22782,2015,12.0,77.61464691
133,Bayview Village,52,25685,2015,14.0,66.15319061
134,Newtonbrook East,50,17338,2015,8.0,49.5540123
135,Bayview Woods-Steeles,49,13641,2015,7.0,53.46776581
136,Hillcrest Village,48,18076,2015,10.0,57.00604248
137,Alderwood,20,13503,2015,18.0,145.4898224
138,Long Branch,19,11601,2015,15.0,145.475708
139,New Toronto,18,12205,2015,13.0,112.5833588
140,Stonegate-Queensway,16,26728,2015,32.0,125.254425
141,Kingsway South,15,10257,2015,16.0,170.648468
142,Etobicoke West Mall,13,12713,2015,14.0,119.9965744
143,Markland Wood,12,10741,2015,15.0,140.2524567
144,Eringate-Centennial-West Deane,11,19558,2015,24.0,125.6478729
145,Princess-Rosethorn,10,12552,2015,19.0,167.1064148
146,Edenbridge-Humber Valley,9,17271,2015,23.0,148.0813751
147,Humber Heights-Westmount,8,11398,2015,26.0,252.5252533
148,Willowridge-Martingrove-Richview,7,24097,2015,35.0,154.2733765
149,Kingsview Village-The Westway,6,22759,2015,50.0,221.1802216
150,Elms-Old Rexdale,5,9884,2015,19.0,194.7120361
151,Rexdale-Kipling,4,10722,2015,9.0,84.24599457
152,Thistletown-Beaumond Heights,3,10530,2015,15.0,144.1891785
153,Mount Olive-Silverstone-Jamestown,2,35386,2015,58.0,171.0409851
154,West Humber-Clairville,1,36388,2015,266.0,778.005249
155,Black Creek,24,23047,2015,45.0,201.7123108
156,Pelmo Park-Humberlea,23,12121,2015,31.0,295.1818848
157,Humbermede,22,16568,2015,34.0,211.0228424
158,Humber Summit,21,13425,2015,41.0,319.8627014
1,South Eglinton-Davisville,174,21987,2016,3.0,16.19258308
2,North Toronto,173,15077,2016,2.0,17.30552864
3,Dovercourt Village,172,13837,2016,18.0,133.8488922
4,Junction-Wallace Emerson,171,26240,2016,12.0,49.50699234
5,Yonge-Bay Corridor,170,14731,2016,20.0,172.81604
6,Bay-Cloverhill,169,19055,2016,6.0,39.40886688
7,Bendale-Glen Andrew,156,20773,2016,42.0,218.4087372
8,Downsview,155,17003,2016,38.0,240.187088
9,Oakdale-Beverley Heights,154,21503,2016,51.0,251.8518524
10,Avondale,153,16149,2016,6.0,42.05509186
11,East Willowdale,152,18285,2016,32.0,198.4127045
12,Yonge-Doris,151,23234,2016,4.0,18.41790199
13,Fenside-Parkwoods,150,22909,2016,17.0,79.74855804
14,Parkwoods-O'Connor Hills,149,14788,2016,10.0,69.2089386
15,East L'Amoreaux,148,23988,2016,13.0,58.20982361
16,L'Amoreaux West,147,24374,2016,15.0,66.92842865
17,Malvern East,146,28098,2016,18.0,67.54981995
18,Malvern West,145,19412,2016,18.0,97.55039978
19,Morningside Heights,144,28167,2016,16.0,60.48920822
20,West Rouge,143,22396,2016,7.0,33.31746674
21,Woburn North,142,29500,2016,22.0,79.11676788
22,Golfdale-Cedarbrae-Woburn,141,28651,2016,10.0,37.19961166
23,Guildwood,140,10332,2016,4.0,40.44080353
24,Scarborough Village,139,17713,2016,9.0,53.14437485
25,Eglinton East,138,24231,2016,22.0,96.01955414
26,West Hill,136,29259,2016,15.0,54.05015945
27,Morningside,135,18463,2016,14.0,79.17208862
28,Highland Creek,134,13871,2016,8.0,62.3441391
29,Centennial Scarborough,133,14609,2016,5.0,36.47505188
30,Milliken,130,28371,2016,35.0,130.3149872
31,Agincourt North,129,31260,2016,18.0,60.72259903
32,Agincourt South-Malvern West,128,28097,2016,27.0,111.4965286
33,Dorset Park,126,26286,2016,44.0,175.1801605
34,Ionview,125,14121,2016,6.0,42.70158768
35,Kennedy Park,124,18173,2016,13.0,73.82169342
36,Cliffcrest,123,17922,2016,11.0,67.7798996
37,Birchcliffe-Cliffside,122,23417,2016,15.0,67.22839355
38,Downtown Yonge East,168,18023,2016,17.0,129.6522217
39,Church-Wellesley,167,22938,2016,8.0,42.86326599
40,St Lawrence-East Bayfront-The Islands,166,31003,2016,7.0,29.00953102
41,Harbourfront-CityPlace,165,31477,2016,10.0,37.33851242
42,Wellington Place,164,28870,2016,25.0,135.4499664
43,Fort York-Liberty Village,163,21860,2016,14.0,76.1697464
44,West Queen West,162,15136,2016,7.0,51.10235214
45,Humber Bay Shores,161,20822,2016,7.0,40.88068771
46,Mimico-Queensway,160,18313,2016,28.0,160.771698
47,Etobicoke City Centre,159,25495,2016,103.0,487.2279968
48,Islington,158,25937,2016,33.0,140.2226563
49,Bendale South,157,10881,2016,7.0,64.73090363
50,Caledonia-Fairbank,109,10581,2016,11.0,107.47435
51,Briar Hill-Belgravia,108,15146,2016,15.0,102.3401794
52,Oakwood Village,107,22404,2016,26.0,119.7880707
53,Humewood-Cedarvale,106,15620,2016,17.0,115.6226654
54,Lawrence Park North,105,15581,2016,14.0,93.15323639
55,Lawrence Park South,103,16778,2016,20.0,127.0890274
56,Forest Hill North,102,13172,2016,8.0,61.41563034
57,Forest Hill South,101,12160,2016,9.0,82.40248871
58,Yonge-Eglinton,100,13743,2016,3.0,24.57203674
59,Mount Pleasant East,99,18084,2016,8.0,46.21339035
60,Rosedale-Moore Park,98,23053,2016,12.0,56.66257477
61,Yonge-St.Clair,97,13953,2016,7.0,54.69177246
62,Casa Loma,96,11972,2016,5.0,45.01665497
63,Annex,95,34502,2016,19.0,63.79478073
64,Wychwood,94,14609,2016,19.0,138.9599915
65,Corso Italia-Davenport,92,14784,2016,7.0,48.36257935
66,Weston-Pelham Park,91,12330,2016,16.0,140.7831116
67,Junction Area,90,15252,2016,20.0,138.7443695
68,Oakridge,121,15389,2016,11.0,78.33641815
69,Clairlea-Birchmount,120,28782,2016,49.0,180.5253601
70,Wexford/Maryvale,119,29870,2016,42.0,147.9290009
71,Tam O'Shanter-Sullivan,118,29770,2016,21.0,75.55043793
72,Steeles,116,26395,2016,31.0,124.2186279
73,Mount Dennis,115,14256,2016,18.0,131.5020447
74,Lambton Baby Point,114,8294,2016,1.0,12.19512177
75,Weston,113,19809,2016,40.0,217.9480133
76,Beechborough-Greenbrook,112,7057,2016,9.0,136.4670258
77,Rockcliffe-Smythe,111,23453,2016,34.0,148.2515106
78,Keelesdale-Eglinton West,110,11969,2016,16.0,139.2636414
79,Palmerston-Little Italy,80,14699,2016,14.0,97.67668915
80,University,79,7564,2016,13.0,186.0598297
81,Kensington-Chinatown,78,21229,2016,30.0,164.9167175
82,North St.James Town,74,20492,2016,17.0,88.91678619
83,Moss Park,73,22207,2016,16.0,84.13967133
84,Regent Park,72,14166,2016,3.0,27.04408264
85,Cabbagetown-South St.James Town,71,11968,2016,9.0,78.91275787
86,South Riverdale,70,30135,2016,27.0,96.26698303
87,Blake-Jones,69,8229,2016,5.0,63.02785873
88,North Riverdale,68,12168,2016,7.0,58.14919281
89,Playter Estates-Danforth,67,7764,2016,7.0,90.59143066
90,Danforth,66,10173,2016,5.0,50.4744606
91,Greenwood-Coxwell,65,15400,2016,13.0,87.36559296
92,Woodbine Corridor,64,13282,2016,10.0,77.94232178
93,The Beaches,63,23097,2016,7.0,31.73595619
94,East End-Danforth,62,23011,2016,23.0,106.206131
95,Taylor-Massey,61,16157,2016,6.0,37.39715958
96,Woodbine-Lumsden,60,8141,2016,2.0,24.69135857
97,Danforth East York,59,17883,2016,12.0,68.22445679
98,Old East York,58,9540,2016,6.0,63.31785583
99,Runnymede-Bloor West Village,89,10772,2016,9.0,85.68164825
100,High Park North,88,24474,2016,7.0,30.96386147
101,High Park-Swansea,87,26135,2016,12.0,49.65243149
102,Roncesvalles,86,15939,2016,12.0,77.91701508
103,South Parkdale,85,23054,2016,23.0,106.9568481
104,Little Portugal,84,17399,2016,12.0,76.21951294
105,Dufferin Grove,83,12709,2016,8.0,65.68683624
106,Trinity-Bellwoods,81,17814,2016,23.0,136.2720642
107,Don Valley Village,47,29424,2016,28.0,101.2109146
108,Pleasant View,46,16732,2016,7.0,43.01868057
109,Flemingdon Park,44,23485,2016,5.0,22.11508751
110,Victoria Village,43,18592,2016,21.0,118.9936523
111,Banbury-Don Mills,42,31047,2016,7.0,25.24614906
112,Bridle Path-Sunnybrook-York Mills,41,10707,2016,11.0,117.8108597
113,St.Andrew-Windfields,40,20205,2016,10.0,55.05092239
114,Bedford Park-Nortown,39,25583,2016,30.0,127.8663406
115,Lansing-Westgate,38,17872,2016,26.0,156.6170654
116,Willowdale West,37,19546,2016,11.0,63.64267349
117,Newtonbrook West,36,26265,2016,45.0,184.6078033
118,Westminster-Branson,35,27742,2016,24.0,89.37216187
119,Bathurst Manor,34,17255,2016,25.0,155.7632446
120,Clanton Park,33,19089,2016,50.0,295.1768188
121,Englemount-Lawrence,32,24465,2016,23.0,102.1223679
122,Yorkdale-Glen Park,31,17258,2016,41.0,283.5800171
123,Brookhaven-Amesbury,30,18738,2016,30.0,164.0509644
124,Maple Leaf,29,10575,2016,15.0,147.7395782
125,Rustic,28,10404,2016,10.0,99.68102264
126,York University Heights,27,29897,2016,109.0,381.8532104
127,Glenfield-Jane Heights,25,32251,2016,65.0,209.0569916
128,Broadview North,57,12200,2016,7.0,58.97219849
129,Leaside-Bennington,56,18185,2016,3.0,17.57984161
130,Thorncliffe Park,55,22508,2016,5.0,23.24500275
131,O'Connor-Parkview,54,19901,2016,7.0,36.68186188
132,Henry Farm,53,22782,2016,10.0,61.28202057
133,Bayview Village,52,25685,2016,14.0,63.96783447
134,Newtonbrook East,50,17338,2016,8.0,49.86287689
135,Bayview Woods-Steeles,49,13641,2016,18.0,138.5574646
136,Hillcrest Village,48,18076,2016,22.0,126.6843262
137,Alderwood,20,13503,2016,17.0,137.2185059
138,Long Branch,19,11601,2016,13.0,125.0962296
139,New Toronto,18,12205,2016,10.0,85.80008698
140,Stonegate-Queensway,16,26728,2016,14.0,54.68536377
141,Kingsway South,15,10257,2016,9.0,95.93859863
142,Etobicoke West Mall,13,12713,2016,15.0,126.8391647
143,Markland Wood,12,10741,2016,13.0,121.4499283
144,Eringate-Centennial-West Deane,11,19558,2016,30.0,157.7204132
145,Princess-Rosethorn,10,12552,2016,24.0,211.8831177
146,Edenbridge-Humber Valley,9,17271,2016,28.0,179.2458801
147,Humber Heights-Westmount,8,11398,2016,17.0,164.6010895
148,Willowridge-Martingrove-Richview,7,24097,2016,49.0,214.7803955
149,Kingsview Village-The Westway,6,22759,2016,42.0,185.6025391
150,Elms-Old Rexdale,5,9884,2016,16.0,164.5751953
151,Rexdale-Kipling,4,10722,2016,22.0,206.1276093
152,Thistletown-Beaumond Heights,3,10530,2016,15.0,143.8297119
153,Mount Olive-Silverstone-Jamestown,2,35386,2016,43.0,126.9485092
154,West Humber-Clairville,1,36388,2016,323.0,950.5870972
155,Black Creek,24,23047,2016,50.0,225.1643677
156,Pelmo Park-Humberlea,23,12121,2016,26.0,238.3790283
157,Humbermede,22,16568,2016,47.0,293.3466492
158,Humber Summit,21,13425,2016,63.0,493.3437805
1,South Eglinton-Davisville,174,21987,2017,8.0,41.89797974
2,North Toronto,173,15077,2017,2.0,16.50028801
3,Dovercourt Village,172,13837,2017,11.0,81.20478058
4,Junction-Wallace Emerson,171,26240,2017,17.0,69.14504242
5,Yonge-Bay Corridor,170,14731,2017,14.0,115.9804459
6,Bay-Cloverhill,169,19055,2017,7.0,44.18076324
7,Bendale-Glen Andrew,156,20773,2017,25.0,128.008194
8,Downsview,155,17003,2017,31.0,192.954071
9,Oakdale-Beverley Heights,154,21503,2017,53.0,258.3349609
10,Avondale,153,16149,2017,1.0,6.854479313
11,East Willowdale,152,18285,2017,14.0,84.84334564
12,Yonge-Doris,151,23234,2017,10.0,45.36587524
13,Fenside-Parkwoods,150,22909,2017,29.0,134.1288605
14,Parkwoods-O'Connor Hills,149,14788,2017,17.0,116.7181625
15,East L'Amoreaux,148,23988,2017,11.0,48.55011749
16,L'Amoreaux West,147,24374,2017,14.0,61.49791336
17,Malvern East,146,28098,2017,27.0,100.2041168
18,Malvern West,145,19412,2017,30.0,160.9010468
19,Morningside Heights,144,28167,2017,25.0,93.42301941
20,West Rouge,143,22396,2017,8.0,37.57985687
21,Woburn North,142,29500,2017,22.0,78.09449768
22,Golfdale-Cedarbrae-Woburn,141,28651,2017,26.0,95.41984558
23,Guildwood,140,10332,2017,5.0,50.0
24,Scarborough Village,139,17713,2017,21.0,122.685051
25,Eglinton East,138,24231,2017,29.0,125.1078491
26,West Hill,136,29259,2017,31.0,110.5090561
27,Morningside,135,18463,2017,12.0,67.19300842
28,Highland Creek,134,13871,2017,14.0,107.6095276
29,Centennial Scarborough,133,14609,2017,9.0,64.7901535
30,Milliken,130,28371,2017,60.0,220.8236694
31,Agincourt North,129,31260,2017,33.0,110.0954132
32,Agincourt South-Malvern West,128,28097,2017,35.0,140.8734131
33,Dorset Park,126,26286,2017,41.0,161.4490967
34,Ionview,125,14121,2017,5.0,35.38570404
35,Kennedy Park,124,18173,2017,30.0,168.9950409
36,Cliffcrest,123,17922,2017,18.0,108.9786301
37,Birchcliffe-Cliffside,122,23417,2017,13.0,57.70596695
38,Downtown Yonge East,168,18023,2017,14.0,101.2731476
39,Church-Wellesley,167,22938,2017,17.0,87.88709259
40,St Lawrence-East Bayfront-The Islands,166,31003,2017,16.0,63.35379028
41,Harbourfront-CityPlace,165,31477,2017,20.0,72.47689819
42,Wellington Place,164,28870,2017,29.0,144.0993805
43,Fort York-Liberty Village,163,21860,2017,10.0,52.734272
44,West Queen West,162,15136,2017,6.0,43.06014252
45,Humber Bay Shores,161,20822,2017,19.0,107.3567657
46,Mimico-Queensway,160,18313,2017,22.0,124.9503021
47,Etobicoke City Centre,159,25495,2017,71.0,325.1213379
48,Islington,158,25937,2017,24.0,100.3344498
49,Bendale South,157,10881,2017,11.0,101.0750732
50,Caledonia-Fairbank,109,10581,2017,7.0,67.88866425
51,Briar Hill-Belgravia,108,15146,2017,10.0,67.64984131
52,Oakwood Village,107,22404,2017,14.0,64.00878143
53,Humewood-Cedarvale,106,15620,2017,22.0,147.7501678
54,Lawrence Park North,105,15581,2017,27.0,178.1472626
55,Lawrence Park South,103,16778,2017,16.0,100.452034
56,Forest Hill North,102,13172,2017,11.0,83.93102264
57,Forest Hill South,101,12160,2017,12.0,107.8457794
58,Yonge-Eglinton,100,13743,2017,2.0,16.0384922
59,Mount Pleasant East,99,18084,2017,10.0,57.15592194
60,Rosedale-Moore Park,98,23053,2017,4.0,18.5847702
61,Yonge-St.Clair,97,13953,2017,2.0,15.36452293
62,Casa Loma,96,11972,2017,8.0,70.92827606
63,Annex,95,34502,2017,24.0,78.70142365
64,Wychwood,94,14609,2017,12.0,86.66763306
65,Corso Italia-Davenport,92,14784,2017,12.0,82.42890167
66,Weston-Pelham Park,91,12330,2017,8.0,69.27606201
67,Junction Area,90,15252,2017,24.0,164.4511414
68,Oakridge,121,15389,2017,11.0,76.97690582
69,Clairlea-Birchmount,120,28782,2017,40.0,145.6876526
70,Wexford/Maryvale,119,29870,2017,67.0,233.3031616
71,Tam O'Shanter-Sullivan,118,29770,2017,18.0,63.83205032
72,Steeles,116,26395,2017,31.0,122.8209229
73,Mount Dennis,115,14256,2017,17.0,122.956749
74,Lambton Baby Point,114,8294,2017,9.0,109.1438293
75,Weston,113,19809,2017,42.0,225.3702545
76,Beechborough-Greenbrook,112,7057,2017,9.0,134.7507172
77,Rockcliffe-Smythe,111,23453,2017,50.0,216.5439606
78,Keelesdale-Eglinton West,110,11969,2017,29.0,250.1078033
79,Palmerston-Little Italy,80,14699,2017,15.0,103.8062286
80,University,79,7564,2017,7.0,98.80028534
81,Kensington-Chinatown,78,21229,2017,30.0,160.7889404
82,North St.James Town,74,20492,2017,14.0,72.10547638
83,Moss Park,73,22207,2017,21.0,107.4388657
84,Regent Park,72,14166,2017,10.0,86.31106567
85,Cabbagetown-South St.James Town,71,11968,2017,8.0,69.43841553
86,South Riverdale,70,30135,2017,37.0,130.1213226
87,Blake-Jones,69,8229,2017,8.0,99.98750305
88,North Riverdale,68,12168,2017,10.0,82.59002686
89,Playter Estates-Danforth,67,7764,2017,4.0,51.49330521
90,Danforth,66,10173,2017,4.0,40.0520668
91,Greenwood-Coxwell,65,15400,2017,13.0,86.57431793
92,Woodbine Corridor,64,13282,2017,5.0,38.58620071
93,The Beaches,63,23097,2017,11.0,49.33841705
94,East End-Danforth,62,23011,2017,25.0,114.0146866
95,Taylor-Massey,61,16157,2017,5.0,30.99237633
96,Woodbine-Lumsden,60,8141,2017,1.0,12.27747059
97,Danforth East York,59,17883,2017,9.0,50.85033035
99,Runnymede-Bloor West Village,89,10772,2017,20.0,188.9466248
100,High Park North,88,24474,2017,9.0,39.18666077
101,High Park-Swansea,87,26135,2017,14.0,57.06831741
102,Roncesvalles,86,15939,2017,20.0,128.7001343
103,South Parkdale,85,23054,2017,19.0,87.1359787
104,Little Portugal,84,17399,2017,18.0,112.3104782
105,Dufferin Grove,83,12709,2017,11.0,89.38729095
106,Trinity-Bellwoods,81,17814,2017,23.0,134.7866821
107,Don Valley Village,47,29424,2017,29.0,103.4753418
108,Pleasant View,46,16732,2017,17.0,103.7027969
109,Flemingdon Park,44,23485,2017,12.0,52.59697723
110,Victoria Village,43,18592,2017,14.0,78.41819
111,Banbury-Don Mills,42,31047,2017,16.0,56.56308365
112,Bridle Path-Sunnybrook-York Mills,41,10707,2017,3.0,31.39388847
113,St.Andrew-Windfields,40,20205,2017,16.0,86.5847702
114,Bedford Park-Nortown,39,25583,2017,47.0,197.1145782
115,Lansing-Westgate,38,17872,2017,28.0,166.4487
116,Willowdale West,37,19546,2017,13.0,73.58768463
117,Newtonbrook West,36,26265,2017,34.0,137.4292603
118,Westminster-Branson,35,27742,2017,18.0,66.42066193
119,Bathurst Manor,34,17255,2017,25.0,153.6948242
120,Clanton Park,33,19089,2017,27.0,156.0603485
121,Englemount-Lawrence,32,24465,2017,35.0,153.0523071
122,Yorkdale-Glen Park,31,17258,2017,52.0,349.1104431
123,Brookhaven-Amesbury,30,18738,2017,24.0,130.2507324
124,Maple Leaf,29,10575,2017,8.0,78.01072693
125,Rustic,28,10404,2017,11.0,108.5347824
126,York University Heights,27,29897,2017,93.0,322.0444641
127,Glenfield-Jane Heights,25,32251,2017,51.0,162.4100342
128,Broadview North,57,12200,2017,6.0,50.15045166
129,Leaside-Bennington,56,18185,2017,4.0,23.13877487
130,Thorncliffe Park,55,22508,2017,9.0,41.35459137
131,O'Connor-Parkview,54,19901,2017,10.0,51.86452866
132,Henry Farm,53,22782,2017,15.0,86.43041992
133,Bayview Village,52,25685,2017,21.0,93.27944183
134,Newtonbrook East,50,17338,2017,11.0,67.59247589
135,Bayview Woods-Steeles,49,13641,2017,21.0,159.9147186
136,Hillcrest Village,48,18076,2017,18.0,102.6928329
137,Alderwood,20,13503,2017,16.0,127.1860123
138,Long Branch,19,11601,2017,14.0,131.9136963
139,New Toronto,18,12205,2017,12.0,101.9021759
140,Stonegate-Queensway,16,26728,2017,35.0,135.3703308
141,Kingsway South,15,10257,2017,21.0,220.1950226
142,Etobicoke West Mall,13,12713,2017,9.0,75.0
143,Markland Wood,12,10741,2017,9.0,83.70536041
144,Eringate-Centennial-West Deane,11,19558,2017,29.0,151.2780457
145,Princess-Rosethorn,10,12552,2017,19.0,164.8303986
146,Edenbridge-Humber Valley,9,17271,2017,18.0,113.1648407
147,Humber Heights-Westmount,8,11398,2017,25.0,237.7329712
148,Willowridge-Martingrove-Richview,7,24097,2017,43.0,186.2600708
149,Kingsview Village-The Westway,6,22759,2017,36.0,158.1097107
150,Elms-Old Rexdale,5,9884,2017,12.0,122.5114822
151,Rexdale-Kipling,4,10722,2017,23.0,214.6323242
152,Thistletown-Beaumond Heights,3,10530,2017,23.0,219.3191528
153,Mount Olive-Silverstone-Jamestown,2,35386,2017,50.0,146.0877686
154,West Humber-Clairville,1,36388,2017,329.0,954.8409424
155,Black Creek,24,23047,2017,33.0,147.1506348
156,Pelmo Park-Humberlea,23,12121,2017,47.0,422.5858765
157,Humbermede,22,16568,2017,58.0,358.4450989
158,Humber Summit,21,13425,2017,83.0,643.1615601
1,South Eglinton-Davisville,174,21987,2018,15.0,76.16146088
2,North Toronto,173,15077,2018,4.0,31.53082085
3,Dovercourt Village,172,13837,2018,11.0,80.15155792
4,Junction-Wallace Emerson,171,26240,2018,29.0,115.8193207
5,Yonge-Bay Corridor,170,14731,2018,27.0,214.4899902
6,Bay-Cloverhill,169,19055,2018,15.0,90.91460419
7,Bendale-Glen Andrew,156,20773,2018,39.0,196.4042969
8,Downsview,155,17003,2018,31.0,189.4981384
9,Oakdale-Beverley Heights,154,21503,2018,77.0,369.9255371
10,Avondale,153,16149,2018,8.0,53.55469131
11,East Willowdale,152,18285,2018,14.0,82.65926361
12,Yonge-Doris,151,23234,2018,19.0,84.85931396
13,Fenside-Parkwoods,150,22909,2018,10.0,45.54563522
14,Parkwoods-O'Connor Hills,149,14788,2018,9.0,61.17871094
15,East L'Amoreaux,148,23988,2018,13.0,56.38690186
16,L'Amoreaux West,147,24374,2018,19.0,81.94246674
17,Malvern East,146,28098,2018,35.0,128.0175629
18,Malvern West,145,19412,2018,27.0,142.781601
19,Morningside Heights,144,28167,2018,47.0,172.8004761
20,West Rouge,143,22396,2018,14.0,64.7279129
21,Woburn North,142,29500,2018,24.0,83.98950195
22,Golfdale-Cedarbrae-Woburn,141,28651,2018,35.0,126.3857269
23,Guildwood,140,10332,2018,2.0,19.74333572
24,Scarborough Village,139,17713,2018,20.0,115.4267883
25,Eglinton East,138,24231,2018,11.0,46.75677872
26,West Hill,136,29259,2018,27.0,94.85665894
27,Morningside,135,18463,2018,12.0,66.31666565
28,Highland Creek,134,13871,2018,20.0,150.7158966
29,Centennial Scarborough,133,14609,2018,10.0,70.69136047
30,Milliken,130,28371,2018,91.0,330.0449829
31,Agincourt North,129,31260,2018,42.0,137.9627533
32,Agincourt South-Malvern West,128,28097,2018,38.0,148.6290894
33,Dorset Park,126,26286,2018,82.0,318.7932434
34,Ionview,125,14121,2018,3.0,21.06593704
35,Kennedy Park,124,18173,2018,30.0,167.1961212
36,Cliffcrest,123,17922,2018,23.0,136.3366852
37,Birchcliffe-Cliffside,122,23417,2018,24.0,105.0696106
38,Downtown Yonge East,168,18023,2018,48.0,329.4666748
39,Church-Wellesley,167,22938,2018,26.0,129.5659485
40,St Lawrence-East Bayfront-The Islands,166,31003,2018,20.0,75.72602081
41,Harbourfront-CityPlace,165,31477,2018,9.0,31.64890862
42,Wellington Place,164,28870,2018,40.0,183.3180542
43,Fort York-Liberty Village,163,21860,2018,13.0,66.43160248
44,West Queen West,162,15136,2018,7.0,49.25415039
45,Humber Bay Shores,161,20822,2018,9.0,49.17226791
46,Mimico-Queensway,160,18313,2018,13.0,72.75169373
47,Etobicoke City Centre,159,25495,2018,122.0,540.468689
48,Islington,158,25937,2018,36.0,147.426178
49,Bendale South,157,10881,2018,15.0,136.6618042
50,Caledonia-Fairbank,109,10581,2018,11.0,105.3639832
51,Briar Hill-Belgravia,108,15146,2018,36.0,240.384613
52,Oakwood Village,107,22404,2018,31.0,140.0876617
53,Humewood-Cedarvale,106,15620,2018,21.0,138.9072571
54,Lawrence Park North,105,15581,2018,39.0,253.8897247
55,Lawrence Park South,103,16778,2018,30.0,185.2194824
56,Forest Hill North,102,13172,2018,21.0,158.8502197
57,Forest Hill South,101,12160,2018,26.0,228.1502228
58,Yonge-Eglinton,100,13743,2018,11.0,86.20014191
59,Mount Pleasant East,99,18084,2018,15.0,84.65489197
60,Rosedale-Moore Park,98,23053,2018,31.0,141.4814453
61,Yonge-St.Clair,97,13953,2018,6.0,45.29669189
62,Casa Loma,96,11972,2018,18.0,156.8627472
63,Annex,95,34502,2018,34.0,108.5325775
64,Wychwood,94,14609,2018,21.0,149.084198
65,Corso Italia-Davenport,92,14784,2018,11.0,74.78414917
66,Weston-Pelham Park,91,12330,2018,14.0,119.0172577
67,Junction Area,90,15252,2018,38.0,256.8261719
68,Oakridge,121,15389,2018,15.0,102.8947754
69,Clairlea-Birchmount,120,28782,2018,48.0,172.3333282
70,Wexford/Maryvale,119,29870,2018,86.0,295.1371155
71,Tam O'Shanter-Sullivan,118,29770,2018,31.0,108.1156464
72,Steeles,116,26395,2018,24.0,93.74633789
73,Mount Dennis,115,14256,2018,16.0,114.1796875
74,Lambton Baby Point,114,8294,2018,16.0,192.2845764
75,Weston,113,19809,2018,55.0,290.1915283
76,Beechborough-Greenbrook,112,7057,2018,11.0,161.9075623
77,Rockcliffe-Smythe,111,23453,2018,53.0,227.0974426
78,Keelesdale-Eglinton West,110,11969,2018,23.0,195.4286652
79,Palmerston-Little Italy,80,14699,2018,20.0,136.8269806
80,University,79,7564,2018,10.0,138.792511
81,Kensington-Chinatown,78,21229,2018,23.0,119.8041458
82,North St.James Town,74,20492,2018,9.0,45.62506485
83,Moss Park,73,22207,2018,51.0,253.239975
84,Regent Park,72,14166,2018,10.0,82.64463043
85,Cabbagetown-South St.James Town,71,11968,2018,19.0,162.7827301
86,South Riverdale,70,30135,2018,41.0,141.7360992
87,Blake-Jones,69,8229,2018,10.0,123.4872818
88,North Riverdale,68,12168,2018,11.0,90.22309875
89,Playter Estates-Danforth,67,7764,2018,8.0,102.2102966
90,Danforth,66,10173,2018,11.0,108.9540405
91,Greenwood-Coxwell,65,15400,2018,17.0,111.9894562
92,Woodbine Corridor,64,13282,2018,12.0,91.58207703
93,The Beaches,63,23097,2018,32.0,141.70578
94,East End-Danforth,62,23011,2018,32.0,143.7491608
95,Taylor-Massey,61,16157,2018,12.0,73.76898193
96,Woodbine-Lumsden,60,8141,2018,2.0,24.36647224
97,Danforth East York,59,17883,2018,14.0,78.39624023
98,Old East York,58,9540,2018,9.0,93.81841278
99,Runnymede-Bloor West Village,89,10772,2018,26.0,243.0588074
100,High Park North,88,24474,2018,20.0,85.56515503
101,High Park-Swansea,87,26135,2018,21.0,84.10092163
102,Roncesvalles,86,15939,2018,22.0,139.6736755
103,South Parkdale,85,23054,2018,17.0,76.65599823
104,Little Portugal,84,17399,2018,12.0,73.16181183
105,Dufferin Grove,83,12709,2018,17.0,136.1852112
106,Trinity-Bellwoods,81,17814,2018,20.0,115.5735321
107,Don Valley Village,47,29424,2018,26.0,91.369133
108,Pleasant View,46,16732,2018,13.0,78.43610382
109,Flemingdon Park,44,23485,2018,8.0,34.69060135
110,Victoria Village,43,18592,2018,11.0,60.69635391
111,Banbury-Don Mills,42,31047,2018,28.0,96.76527405
112,Bridle Path-Sunnybrook-York Mills,41,10707,2018,9.0,91.8086319
113,St.Andrew-Windfields,40,20205,2018,24.0,127.1523209
114,Bedford Park-Nortown,39,25583,2018,49.0,201.5548553
115,Lansing-Westgate,38,17872,2018,16.0,93.39247894
116,Willowdale West,37,19546,2018,11.0,60.70305252
117,Newtonbrook West,36,26265,2018,51.0,202.718811
118,Westminster-Branson,35,27742,2018,35.0,127.7885284
119,Bathurst Manor,34,17255,2018,37.0,223.5379486
120,Clanton Park,33,19089,2018,42.0,236.8866272
121,Englemount-Lawrence,32,24465,2018,40.0,171.8286896
122,Yorkdale-Glen Park,31,17258,2018,63.0,409.4365234
123,Brookhaven-Amesbury,30,18738,2018,48.0,257.6489563
124,Maple Leaf,29,10575,2018,13.0,125.0841904
125,Rustic,28,10404,2018,15.0,146.298645
126,York University Heights,27,29897,2018,91.0,311.0047913
127,Glenfield-Jane Heights,25,32251,2018,68.0,213.8970184
128,Broadview North,57,12200,2018,6.0,49.60317612
129,Leaside-Bennington,56,18185,2018,40.0,227.5571747
130,Thorncliffe Park,55,22508,2018,13.0,59.00776291
131,O'Connor-Parkview,54,19901,2018,19.0,97.22648621
132,Henry Farm,53,22782,2018,16.0,86.80555725
133,Bayview Village,52,25685,2018,9.0,38.77973175
134,Newtonbrook East,50,17338,2018,14.0,84.42890167
135,Bayview Woods-Steeles,49,13641,2018,7.0,52.57623672
136,Hillcrest Village,48,18076,2018,25.0,140.9880371
137,Alderwood,20,13503,2018,25.0,194.7495575
138,Long Branch,19,11601,2018,11.0,101.1401215
139,New Toronto,18,12205,2018,12.0,100.5025101
140,Stonegate-Queensway,16,26728,2018,34.0,129.7412872
141,Kingsway South,15,10257,2018,10.0,102.9124222
142,Etobicoke West Mall,13,12713,2018,9.0,73.77049255
143,Markland Wood,12,10741,2018,19.0,175.3414612
144,Eringate-Centennial-West Deane,11,19558,2018,27.0,139.2398529
145,Princess-Rosethorn,10,12552,2018,21.0,178.1321564
146,Edenbridge-Humber Valley,9,17271,2018,18.0,110.885231
147,Humber Heights-Westmount,8,11398,2018,15.0,139.4700165
148,Willowridge-Martingrove-Richview,7,24097,2018,53.0,226.4957275
149,Kingsview Village-The Westway,6,22759,2018,55.0,239.8604431
150,Elms-Old Rexdale,5,9884,2018,33.0,334.1772156
151,Rexdale-Kipling,4,10722,2018,57.0,527.0457764
152,Thistletown-Beaumond Heights,3,10530,2018,44.0,415.8397217
153,Mount Olive-Silverstone-Jamestown,2,35386,2018,77.0,222.1837463
154,West Humber-Clairville,1,36388,2018,506.0,1443.899048
155,Black Creek,24,23047,2018,54.0,238.0112762
156,Pelmo Park-Humberlea,23,12121,2018,67.0,589.1663818
157,Humbermede,22,16568,2018,57.0,348.070343
158,Humber Summit,21,13425,2018,108.0,825.9406738
1,South Eglinton-Davisville,174,21987,2019,8.0,39.52764511
2,North Toronto,173,15077,2019,4.0,30.23431587
3,Dovercourt Village,172,13837,2019,12.0,86.79299927
4,Junction-Wallace Emerson,171,26240,2019,23.0,90.59041595
5,Yonge-Bay Corridor,170,14731,2019,38.0,290.6754456
6,Bay-Cloverhill,169,19055,2019,13.0,75.99228668
7,Bendale-Glen Andrew,156,20773,2019,35.0,173.6541748
8,Downsview,155,17003,2019,69.0,415.8881226
9,Oakdale-Beverley Heights,154,21503,2019,93.0,441.5954285
10,Avondale,153,16149,2019,15.0,98.41873932
11,East Willowdale,152,18285,2019,30.0,173.3002167
12,Yonge-Doris,151,23234,2019,29.0,128.0014191
13,Fenside-Parkwoods,150,22909,2019,21.0,94.44569397
14,Parkwoods-O'Connor Hills,149,14788,2019,8.0,53.97382355
15,East L'Amoreaux,148,23988,2019,13.0,55.66498184
16,L'Amoreaux West,147,24374,2019,26.0,110.4643784
17,Malvern East,146,28098,2019,40.0,144.6811523
18,Malvern West,145,19412,2019,38.0,198.7135925
19,Morningside Heights,144,28167,2019,57.0,207.2727203
20,West Rouge,143,22396,2019,32.0,146.0320282
21,Woburn North,142,29500,2019,40.0,138.3891449
22,Golfdale-Cedarbrae-Woburn,141,28651,2019,21.0,74.89568329
23,Guildwood,140,10332,2019,3.0,29.31118774
24,Scarborough Village,139,17713,2019,20.0,114.3575974
25,Eglinton East,138,24231,2019,27.0,113.5360184
26,West Hill,136,29259,2019,46.0,159.8609924
27,Morningside,135,18463,2019,8.0,43.77565002
28,Highland Creek,134,13871,2019,27.0,200.7285767
29,Centennial Scarborough,133,14609,2019,22.0,153.6849518
30,Milliken,130,28371,2019,85.0,304.6158142
31,Agincourt North,129,31260,2019,42.0,136.3813477
32,Agincourt South-Malvern West,128,28097,2019,58.0,221.5093231
33,Dorset Park,126,26286,2019,61.0,234.8683167
34,Ionview,125,14121,2019,8.0,55.8854332
35,Kennedy Park,124,18173,2019,24.0,132.7140045
36,Cliffcrest,123,17922,2019,19.0,110.7871704
37,Birchcliffe-Cliffside,122,23417,2019,26.0,112.5541153
38,Downtown Yonge East,168,18023,2019,43.0,280.9355774
39,Church-Wellesley,167,22938,2019,17.0,81.97116852
40,St Lawrence-East Bayfront-The Islands,166,31003,2019,19.0,69.07834625
41,Harbourfront-CityPlace,165,31477,2019,14.0,47.96163177
42,Wellington Place,164,28870,2019,33.0,140.6110229
43,Fort York-Liberty Village,163,21860,2019,19.0,94.41462708
44,West Queen West,162,15136,2019,14.0,96.87240601
45,Humber Bay Shores,161,20822,2019,22.0,116.6861115
46,Mimico-Queensway,160,18313,2019,41.0,226.933075
47,Etobicoke City Centre,159,25495,2019,118.0,507.4613953
48,Islington,158,25937,2019,57.0,229.7738495
49,Bendale South,157,10881,2019,20.0,181.6860504
50,Caledonia-Fairbank,109,10581,2019,9.0,85.55133057
51,Briar Hill-Belgravia,108,15146,2019,19.0,125.8278122
52,Oakwood Village,107,22404,2019,40.0,179.3400269
53,Humewood-Cedarvale,106,15620,2019,16.0,104.5478287
54,Lawrence Park North,105,15581,2019,18.0,116.1965027
55,Lawrence Park South,103,16778,2019,27.0,164.7848663
56,Forest Hill North,102,13172,2019,27.0,203.1908417
57,Forest Hill South,101,12160,2019,20.0,172.3098145
58,Yonge-Eglinton,100,13743,2019,12.0,92.2013092
59,Mount Pleasant East,99,18084,2019,17.0,95.05171967
60,Rosedale-Moore Park,98,23053,2019,34.0,152.8158569
61,Yonge-St.Clair,97,13953,2019,6.0,44.62625504
62,Casa Loma,96,11972,2019,5.0,43.0329628
63,Annex,95,34502,2019,27.0,84.21709442
64,Wychwood,94,14609,2019,9.0,63.05170059
65,Corso Italia-Davenport,92,14784,2019,16.0,108.0934982
66,Weston-Pelham Park,91,12330,2019,13.0,108.8139267
67,Junction Area,90,15252,2019,31.0,207.2885284
68,Oakridge,121,15389,2019,9.0,60.6918869
69,Clairlea-Birchmount,120,28782,2019,71.0,252.2023315
70,Wexford/Maryvale,119,29870,2019,97.0,329.3606262
71,Tam O'Shanter-Sullivan,118,29770,2019,25.0,86.05555725
72,Steeles,116,26395,2019,31.0,119.8067627
73,Mount Dennis,115,14256,2019,23.0,162.5901337
74,Lambton Baby Point,114,8294,2019,10.0,119.5743179
75,Weston,113,19809,2019,46.0,239.0852356
76,Beechborough-Greenbrook,112,7057,2019,13.0,189.0359192
77,Rockcliffe-Smythe,111,23453,2019,38.0,161.8123016
78,Keelesdale-Eglinton West,110,11969,2019,33.0,277.6609192
79,Palmerston-Little Italy,80,14699,2019,13.0,88.29122162
80,University,79,7564,2019,12.0,163.6661224
81,Kensington-Chinatown,78,21229,2019,43.0,218.4182434
82,North St.James Town,74,20492,2019,20.0,100.0700455
83,Moss Park,73,22207,2019,43.0,207.8499603
84,Regent Park,72,14166,2019,23.0,182.8880463
85,Cabbagetown-South St.James Town,71,11968,2019,23.0,194.8491974
86,South Riverdale,70,30135,2019,38.0,129.5557556
87,Blake-Jones,69,8229,2019,8.0,97.90723419
88,North Riverdale,68,12168,2019,21.0,171.3726196
89,Playter Estates-Danforth,67,7764,2019,9.0,114.5038147
90,Danforth,66,10173,2019,8.0,78.70916748
91,Greenwood-Coxwell,65,15400,2019,29.0,189.2456207
92,Woodbine Corridor,64,13282,2019,8.0,60.47777557
93,The Beaches,63,23097,2019,21.0,92.05278015
94,East End-Danforth,62,23011,2019,20.0,88.727211
95,Taylor-Massey,61,16157,2019,11.0,67.32357788
96,Woodbine-Lumsden,60,8141,2019,8.0,97.05204773
97,Danforth East York,59,17883,2019,9.0,50.07511139
98,Old East York,58,9540,2019,4.0,41.46796417
99,Runnymede-Bloor West Village,89,10772,2019,29.0,269.0166931
100,High Park North,88,24474,2019,25.0,105.3962936
101,High Park-Swansea,87,26135,2019,29.0,114.4255066
102,Roncesvalles,86,15939,2019,14.0,88.25569153
103,South Parkdale,85,23054,2019,22.0,97.8473587
104,Little Portugal,84,17399,2019,11.0,65.85249329
105,Dufferin Grove,83,12709,2019,6.0,47.6530838
106,Trinity-Bellwoods,81,17814,2019,23.0,131.4661407
107,Don Valley Village,47,29424,2019,21.0,72.92679596
108,Pleasant View,46,16732,2019,24.0,143.859024
109,Flemingdon Park,44,23485,2019,9.0,38.7396698
110,Victoria Village,43,18592,2019,15.0,81.92691803
111,Banbury-Don Mills,42,31047,2019,43.0,145.9259491
112,Bridle Path-Sunnybrook-York Mills,41,10707,2019,11.0,109.7475815
113,St.Andrew-Windfields,40,20205,2019,40.0,208.4201813
114,Bedford Park-Nortown,39,25583,2019,63.0,255.3708954
115,Lansing-Westgate,38,17872,2019,25.0,143.9594574
116,Willowdale West,37,19546,2019,24.0,129.6946716
117,Newtonbrook West,36,26265,2019,59.0,231.427002
118,Westminster-Branson,35,27742,2019,34.0,123.1482468
119,Bathurst Manor,34,17255,2019,25.0,149.0846252
120,Clanton Park,33,19089,2019,44.0,243.4436188
121,Englemount-Lawrence,32,24465,2019,24.0,101.5271378
122,Yorkdale-Glen Park,31,17258,2019,62.0,391.8842163
123,Brookhaven-Amesbury,30,18738,2019,37.0,197.3754425
124,Maple Leaf,29,10575,2019,25.0,237.8008118
125,Rustic,28,10404,2019,38.0,367.4692993
126,York University Heights,27,29897,2019,147.0,497.7145691
127,Glenfield-Jane Heights,25,32251,2019,88.0,274.4339905
128,Broadview North,57,12200,2019,3.0,24.6103363
129,Leaside-Bennington,56,18185,2019,31.0,174.1181793
130,Thorncliffe Park,55,22508,2019,15.0,67.44604492
131,O'Connor-Parkview,54,19901,2019,28.0,142.0310364
132,Henry Farm,53,22782,2019,23.0,118.2154617
133,Bayview Village,52,25685,2019,38.0,159.5231171
134,Newtonbrook East,50,17338,2019,28.0,166.2905273
135,Bayview Woods-Steeles,49,13641,2019,21.0,155.9367371
136,Hillcrest Village,48,18076,2019,27.0,151.0489502
137,Alderwood,20,13503,2019,15.0,114.9777679
138,Long Branch,19,11601,2019,11.0,99.08124542
139,New Toronto,18,12205,2019,23.0,190.7447357
140,Stonegate-Queensway,16,26728,2019,36.0,136.1212921
141,Kingsway South,15,10257,2019,29.0,293.7303772
142,Etobicoke West Mall,13,12713,2019,12.0,97.05596924
143,Markland Wood,12,10741,2019,9.0,82.77384186
144,Eringate-Centennial-West Deane,11,19558,2019,41.0,209.965683
145,Princess-Rosethorn,10,12552,2019,28.0,233.3138885
146,Edenbridge-Humber Valley,9,17271,2019,23.0,139.2841949
147,Humber Heights-Westmount,8,11398,2019,19.0,173.3102264
148,Willowridge-Martingrove-Richview,7,24097,2019,43.0,181.764389
149,Kingsview Village-The Westway,6,22759,2019,40.0,173.7091217
150,Elms-Old Rexdale,5,9884,2019,28.0,282.1158752
151,Rexdale-Kipling,4,10722,2019,52.0,479.0419312
152,Thistletown-Beaumond Heights,3,10530,2019,52.0,488.7677307
153,Mount Olive-Silverstone-Jamestown,2,35386,2019,87.0,248.6993256
154,West Humber-Clairville,1,36388,2019,486.0,1368.358765
155,Black Creek,24,23047,2019,72.0,314.5478516
156,Pelmo Park-Humberlea,23,12121,2019,73.0,630.7240601
157,Humbermede,22,16568,2019,70.0,423.8314514
158,Humber Summit,21,13425,2019,134.0,1014.690308
1,South Eglinton-Davisville,174,21987,2020,15.0,72.59352112
2,North Toronto,173,15077,2020,11.0,80.35649109
3,Dovercourt Village,172,13837,2020,18.0,130.2554474
4,Junction-Wallace Emerson,171,26240,2020,44.0,172.3530121
5,Yonge-Bay Corridor,170,14731,2020,14.0,103.9192429
6,Bay-Cloverhill,169,19055,2020,9.0,51.12184143
7,Bendale-Glen Andrew,156,20773,2020,46.0,226.6009827
8,Downsview,155,17003,2020,52.0,311.4518433
9,Oakdale-Beverley Heights,154,21503,2020,103.0,487.2741089
10,Avondale,153,16149,2020,33.0,213.5784149
11,East Willowdale,152,18285,2020,23.0,131.0989532
12,Yonge-Doris,151,23234,2020,22.0,96.62260437
13,Fenside-Parkwoods,150,22909,2020,21.0,93.95552826
14,Parkwoods-O'Connor Hills,149,14788,2020,23.0,155.3319397
15,East L'Amoreaux,148,23988,2020,14.0,59.63537216
16,L'Amoreaux West,147,24374,2020,20.0,84.34191895
17,Malvern East,146,28098,2020,42.0,151.5424805
18,Malvern West,145,19412,2020,24.0,125.1564484
19,Morningside Heights,144,28167,2020,43.0,155.8479156
20,West Rouge,143,22396,2020,20.0,90.86366272
21,Woburn North,142,29500,2020,63.0,216.9272156
22,Golfdale-Cedarbrae-Woburn,141,28651,2020,37.0,131.340744
23,Guildwood,140,10332,2020,11.0,107.1706924
24,Scarborough Village,139,17713,2020,23.0,131.2560577
25,Eglinton East,138,24231,2020,33.0,138.2488403
26,West Hill,136,29259,2020,55.0,190.5817871
27,Morningside,135,18463,2020,32.0,174.7010956
28,Highland Creek,134,13871,2020,15.0,111.0124359
29,Centennial Scarborough,133,14609,2020,10.0,69.51686096
30,Milliken,130,28371,2020,71.0,253.5533142
31,Agincourt North,129,31260,2020,63.0,203.8900909
32,Agincourt South-Malvern West,128,28097,2020,63.0,236.7442017
33,Dorset Park,126,26286,2020,73.0,280.3379517
34,Ionview,125,14121,2020,6.0,42.08754349
35,Kennedy Park,124,18173,2020,31.0,171.4222565
36,Cliffcrest,123,17922,2020,19.0,109.7821655
37,Birchcliffe-Cliffside,122,23417,2020,20.0,86.38189697
38,Downtown Yonge East,168,18023,2020,25.0,156.7103424
39,Church-Wellesley,167,22938,2020,8.0,37.60635376
40,St Lawrence-East Bayfront-The Islands,166,31003,2020,13.0,45.71830368
41,Harbourfront-CityPlace,165,31477,2020,21.0,70.53133392
42,Wellington Place,164,28870,2020,40.0,160.0
43,Fort York-Liberty Village,163,21860,2020,16.0,77.81344604
44,West Queen West,162,15136,2020,12.0,82.20304108
45,Humber Bay Shores,161,20822,2020,17.0,88.10115814
46,Mimico-Queensway,160,18313,2020,34.0,187.5344696
47,Etobicoke City Centre,159,25495,2020,102.0,428.6975098
48,Islington,158,25937,2020,50.0,199.8720856
49,Bendale South,157,10881,2020,8.0,72.83984375
50,Caledonia-Fairbank,109,10581,2020,10.0,95.02993774
51,Briar Hill-Belgravia,108,15146,2020,37.0,244.7899475
52,Oakwood Village,107,22404,2020,24.0,107.5799026
53,Humewood-Cedarvale,106,15620,2020,26.0,169.1056976
54,Lawrence Park North,105,15581,2020,23.0,148.4541473
55,Lawrence Park South,103,16778,2020,30.0,182.4151764
56,Forest Hill North,102,13172,2020,42.0,316.6704407
57,Forest Hill South,101,12160,2020,38.0,323.7348633
58,Yonge-Eglinton,100,13743,2020,17.0,129.2284241
59,Mount Pleasant East,99,18084,2020,19.0,106.0741425
60,Rosedale-Moore Park,98,23053,2020,52.0,232.0496216
61,Yonge-St.Clair,97,13953,2020,9.0,66.49918365
62,Casa Loma,96,11972,2020,20.0,170.9986267
63,Annex,95,34502,2020,39.0,119.8046265
64,Wychwood,94,14609,2020,26.0,181.0963287
65,Corso Italia-Davenport,92,14784,2020,12.0,81.31734467
66,Weston-Pelham Park,91,12330,2020,19.0,157.807312
67,Junction Area,90,15252,2020,35.0,233.2089539
68,Oakridge,121,15389,2020,21.0,140.2899323
69,Clairlea-Birchmount,120,28782,2020,54.0,191.2858734
70,Wexford/Maryvale,119,29870,2020,88.0,298.0323181
71,Tam O'Shanter-Sullivan,118,29770,2020,39.0,133.5479279
72,Steeles,116,26395,2020,29.0,111.6931152
73,Mount Dennis,115,14256,2020,24.0,169.3838654
74,Lambton Baby Point,114,8294,2020,11.0,131.8154602
75,Weston,113,19809,2020,78.0,402.7469482
76,Beechborough-Greenbrook,112,7057,2020,15.0,216.9197388
77,Rockcliffe-Smythe,111,23453,2020,62.0,264.471283
78,Keelesdale-Eglinton West,110,11969,2020,23.0,193.2773132
79,Palmerston-Little Italy,80,14699,2020,16.0,108.8065262
80,University,79,7564,2020,6.0,81.33387756
81,Kensington-Chinatown,78,21229,2020,57.0,284.9430237
82,North St.James Town,74,20492,2020,27.0,134.1548309
83,Moss Park,73,22207,2020,41.0,194.3035889
84,Regent Park,72,14166,2020,11.0,84.74576569
85,Cabbagetown-South St.James Town,71,11968,2020,15.0,126.7641373
86,South Riverdale,70,30135,2020,39.0,132.1541138
87,Blake-Jones,69,8229,2020,7.0,85.54319763
88,North Riverdale,68,12168,2020,14.0,114.7352905
89,Playter Estates-Danforth,67,7764,2020,6.0,76.48183441
90,Danforth,66,10173,2020,7.0,68.90441895
91,Greenwood-Coxwell,65,15400,2020,30.0,195.8735962
92,Woodbine Corridor,64,13282,2020,11.0,83.10040283
93,The Beaches,63,23097,2020,24.0,105.0650101
94,East End-Danforth,62,23011,2020,28.0,123.6749115
95,Taylor-Massey,61,16157,2020,14.0,85.86323547
96,Woodbine-Lumsden,60,8141,2020,4.0,48.67364502
97,Danforth East York,59,17883,2020,16.0,89.24089813
98,Old East York,58,9540,2020,8.0,83.27261353
99,Runnymede-Bloor West Village,89,10772,2020,17.0,157.8165588
100,High Park North,88,24474,2020,18.0,75.32956696
101,High Park-Swansea,87,26135,2020,42.0,164.6865082
102,Roncesvalles,86,15939,2020,15.0,94.45843506
103,South Parkdale,85,23054,2020,17.0,75.10824585
104,Little Portugal,84,17399,2020,28.0,165.9062653
105,Dufferin Grove,83,12709,2020,18.0,142.8118134
106,Trinity-Bellwoods,81,17814,2020,15.0,85.52368927
107,Don Valley Village,47,29424,2020,36.0,124.5373077
108,Pleasant View,46,16732,2020,28.0,167.9462585
109,Flemingdon Park,44,23485,2020,18.0,77.40603638
110,Victoria Village,43,18592,2020,17.0,92.48680878
111,Banbury-Don Mills,42,31047,2020,50.0,167.8077545
112,Bridle Path-Sunnybrook-York Mills,41,10707,2020,16.0,157.4803162
113,St.Andrew-Windfields,40,20205,2020,31.0,160.0578308
114,Bedford Park-Nortown,39,25583,2020,81.0,326.0606995
115,Lansing-Westgate,38,17872,2020,46.0,263.3236084
116,Willowdale West,37,19546,2020,45.0,239.897644
117,Newtonbrook West,36,26265,2020,61.0,237.7240906
118,Westminster-Branson,35,27742,2020,49.0,177.349884
119,Bathurst Manor,34,17255,2020,46.0,272.932251
120,Clanton Park,33,19089,2020,43.0,235.0240479
121,Englemount-Lawrence,32,24465,2020,31.0,130.2521057
122,Yorkdale-Glen Park,31,17258,2020,88.0,544.4533691
123,Brookhaven-Amesbury,30,18738,2020,56.0,298.8579407
124,Maple Leaf,29,10575,2020,18.0,170.7294006
125,Rustic,28,10404,2020,22.0,212.4782715
126,York University Heights,27,29897,2020,187.0,631.6713867
127,Glenfield-Jane Heights,25,32251,2020,120.0,373.540863
128,Broadview North,57,12200,2020,7.0,57.41940689
129,Leaside-Bennington,56,18185,2020,43.0,240.2771606
130,Thorncliffe Park,55,22508,2020,20.0,89.62580872
131,O'Connor-Parkview,54,19901,2020,20.0,101.2812042
132,Henry Farm,53,22782,2020,21.0,103.2245407
133,Bayview Village,52,25685,2020,29.0,119.449707
134,Newtonbrook East,50,17338,2020,39.0,230.2107239
135,Bayview Woods-Steeles,49,13641,2020,16.0,118.5097427
136,Hillcrest Village,48,18076,2020,23.0,128.6281586
137,Alderwood,20,13503,2020,28.0,213.089798
138,Long Branch,19,11601,2020,24.0,213.466156
139,New Toronto,18,12205,2020,21.0,173.8698425
140,Stonegate-Queensway,16,26728,2020,49.0,185.0034027
141,Kingsway South,15,10257,2020,17.0,170.6655884
142,Etobicoke West Mall,13,12713,2020,10.0,80.44405365
143,Markland Wood,12,10741,2020,29.0,267.3796692
144,Eringate-Centennial-West Deane,11,19558,2020,51.0,261.2972717
145,Princess-Rosethorn,10,12552,2020,20.0,165.3029175
146,Edenbridge-Humber Valley,9,17271,2020,37.0,221.902359
147,Humber Heights-Westmount,8,11398,2020,23.0,207.5437622
148,Willowridge-Martingrove-Richview,7,24097,2020,70.0,295.0101013
149,Kingsview Village-The Westway,6,22759,2020,60.0,261.3126526
150,Elms-Old Rexdale,5,9884,2020,42.0,423.4297791
151,Rexdale-Kipling,4,10722,2020,40.0,369.4808655
152,Thistletown-Beaumond Heights,3,10530,2020,43.0,405.0871277
153,Mount Olive-Silverstone-Jamestown,2,35386,2020,87.0,248.039917
154,West Humber-Clairville,1,36388,2020,407.0,1139.545288
155,Black Creek,24,23047,2020,80.0,349.1620178
156,Pelmo Park-Humberlea,23,12121,2020,59.0,504.7048645
157,Humbermede,22,16568,2020,76.0,459.4088135
158,Humber Summit,21,13425,2020,110.0,832.1355591
1,South Eglinton-Davisville,174,21987,2021,15.0,71.58538055
2,North Toronto,173,15077,2021,14.0,99.69379425
3,Dovercourt Village,172,13837,2021,8.0,58.16489792
4,Junction-Wallace Emerson,171,26240,2021,35.0,136.9809418
5,Yonge-Bay Corridor,170,14731,2021,17.0,123.3492966
6,Bay-Cloverhill,169,19055,2021,22.0,122.3105545
7,Bendale-Glen Andrew,156,20773,2021,76.0,373.9053345
8,Downsview,155,17003,2021,61.0,364.7889099
9,Oakdale-Beverley Heights,154,21503,2021,115.0,544.946228
10,Avondale,153,16149,2021,34.0,218.7339172
11,East Willowdale,152,18285,2021,45.0,254.582489
12,Yonge-Doris,151,23234,2021,39.0,171.3683167
13,Fenside-Parkwoods,150,22909,2021,33.0,147.6972656
14,Parkwoods-O'Connor Hills,149,14788,2021,20.0,135.980423
15,East L'Amoreaux,148,23988,2021,19.0,80.96131134
16,L'Amoreaux West,147,24374,2021,18.0,75.77352142
17,Malvern East,146,28098,2021,43.0,155.5097504
18,Malvern West,145,19412,2021,22.0,115.0808182
19,Morningside Heights,144,28167,2021,76.0,275.9522095
20,West Rouge,143,22396,2021,38.0,172.6801758
21,Woburn North,142,29500,2021,56.0,193.3968811
22,Golfdale-Cedarbrae-Woburn,141,28651,2021,50.0,177.5442047
23,Guildwood,140,10332,2021,13.0,127.0523834
24,Scarborough Village,139,17713,2021,26.0,148.8776855
25,Eglinton East,138,24231,2021,42.0,176.2262421
26,West Hill,136,29259,2021,74.0,257.0426331
27,Morningside,135,18463,2021,32.0,175.3328552
28,Highland Creek,134,13871,2021,30.0,221.7294922
29,Centennial Scarborough,133,14609,2021,22.0,152.9477234
30,Milliken,130,28371,2021,80.0,286.2458801
31,Agincourt North,129,31260,2021,52.0,168.5520782
32,Agincourt South-Malvern West,128,28097,2021,39.0,144.9814148
33,Dorset Park,126,26286,2021,49.0,188.7446594
34,Ionview,125,14121,2021,10.0,70.69136047
35,Kennedy Park,124,18173,2021,33.0,183.6802826
36,Cliffcrest,123,17922,2021,31.0,178.4480743
37,Birchcliffe-Cliffside,122,23417,2021,30.0,130.0108337
38,Downtown Yonge East,168,18023,2021,45.0,272.9754333
39,Church-Wellesley,167,22938,2021,33.0,152.2983246
40,St Lawrence-East Bayfront-The Islands,166,31003,2021,31.0,106.3902817
41,Harbourfront-CityPlace,165,31477,2021,27.0,89.5611496
42,Wellington Place,164,28870,2021,48.0,182.3708191
43,Fort York-Liberty Village,163,21860,2021,14.0,67.18495178
44,West Queen West,162,15136,2021,13.0,88.682724
45,Humber Bay Shores,161,20822,2021,25.0,127.6421967
46,Mimico-Queensway,160,18313,2021,32.0,176.8053436
47,Etobicoke City Centre,159,25495,2021,118.0,488.4914856
48,Islington,158,25937,2021,58.0,231.1033173
49,Bendale South,157,10881,2021,15.0,137.7157593
50,Caledonia-Fairbank,109,10581,2021,9.0,86.04206848
51,Briar Hill-Belgravia,108,15146,2021,28.0,186.2816772
52,Oakwood Village,107,22404,2021,30.0,135.2082214
53,Humewood-Cedarvale,106,15620,2021,34.0,221.4839478
54,Lawrence Park North,105,15581,2021,46.0,298.3525696
55,Lawrence Park South,103,16778,2021,62.0,377.1977844
56,Forest Hill North,102,13172,2021,35.0,265.81604
57,Forest Hill South,101,12160,2021,75.0,635.5932007
58,Yonge-Eglinton,100,13743,2021,28.0,211.6242218
59,Mount Pleasant East,99,18084,2021,38.0,212.944809
60,Rosedale-Moore Park,98,23053,2021,73.0,325.2105103
61,Yonge-St.Clair,97,13953,2021,13.0,95.89141846
62,Casa Loma,96,11972,2021,21.0,179.3798523
63,Annex,95,34502,2021,39.0,118.6239624
64,Wychwood,94,14609,2021,13.0,90.43478394
65,Corso Italia-Davenport,92,14784,2021,23.0,156.8787994
66,Weston-Pelham Park,91,12330,2021,16.0,132.7360229
67,Junction Area,90,15252,2021,25.0,167.0006714
68,Oakridge,121,15389,2021,20.0,133.1912689
69,Clairlea-Birchmount,120,28782,2021,50.0,177.3678589
70,Wexford/Maryvale,119,29870,2021,92.0,312.04422
71,Tam O'Shanter-Sullivan,118,29770,2021,58.0,198.6981812
72,Steeles,116,26395,2021,45.0,173.7049408
73,Mount Dennis,115,14256,2021,26.0,184.0708008
74,Lambton Baby Point,114,8294,2021,11.0,132.9305115
75,Weston,113,19809,2021,60.0,309.4378662
76,Beechborough-Greenbrook,112,7057,2021,18.0,260.2660522
77,Rockcliffe-Smythe,111,23453,2021,47.0,201.786026
78,Keelesdale-Eglinton West,110,11969,2021,24.0,202.3097076
79,Palmerston-Little Italy,80,14699,2021,11.0,75.17769623
80,University,79,7564,2021,6.0,81.08107758
81,Kensington-Chinatown,78,21229,2021,25.0,123.6277313
82,North St.James Town,74,20492,2021,20.0,99.41840363
83,Moss Park,73,22207,2021,50.0,233.9509583
84,Regent Park,72,14166,2021,9.0,67.72518921
85,Cabbagetown-South St.James Town,71,11968,2021,5.0,42.36569977
86,South Riverdale,70,30135,2021,48.0,162.6512146
87,Blake-Jones,69,8229,2021,5.0,61.4175148
88,North Riverdale,68,12168,2021,15.0,123.8236771
89,Playter Estates-Danforth,67,7764,2021,6.0,77.14065552
90,Danforth,66,10173,2021,22.0,217.8649292
91,Greenwood-Coxwell,65,15400,2021,18.0,118.1179886
92,Woodbine Corridor,64,13282,2021,13.0,98.62680817
93,The Beaches,63,23097,2021,30.0,131.7118073
94,East End-Danforth,62,23011,2021,39.0,172.4290314
95,Taylor-Massey,61,16157,2021,20.0,123.7317505
96,Woodbine-Lumsden,60,8141,2021,9.0,110.4159012
97,Danforth East York,59,17883,2021,16.0,89.85735321
98,Old East York,58,9540,2021,19.0,199.433197
99,Runnymede-Bloor West Village,89,10772,2021,20.0,186.9683075
100,High Park North,88,24474,2021,22.0,91.95018005
101,High Park-Swansea,87,26135,2021,26.0,101.8409729
102,Roncesvalles,86,15939,2021,18.0,113.7081528
103,South Parkdale,85,23054,2021,17.0,75.01875305
104,Little Portugal,84,17399,2021,7.0,41.26628494
105,Dufferin Grove,83,12709,2021,20.0,159.1089935
106,Trinity-Bellwoods,81,17814,2021,19.0,108.6272964
107,Don Valley Village,47,29424,2021,34.0,117.7489166
108,Pleasant View,46,16732,2021,14.0,84.44927216
109,Flemingdon Park,44,23485,2021,17.0,73.51669312
110,Victoria Village,43,18592,2021,40.0,217.9598999
111,Banbury-Don Mills,42,31047,2021,34.0,113.4278564
112,Bridle Path-Sunnybrook-York Mills,41,10707,2021,39.0,380.6734924
113,St.Andrew-Windfields,40,20205,2021,64.0,329.5062561
114,Bedford Park-Nortown,39,25583,2021,105.0,421.8731079
115,Lansing-Westgate,38,17872,2021,63.0,360.7420959
116,Willowdale West,37,19546,2021,35.0,185.0774689
117,Newtonbrook West,36,26265,2021,91.0,354.5270386
118,Westminster-Branson,35,27742,2021,61.0,221.9311676
119,Bathurst Manor,34,17255,2021,44.0,260.9108276
120,Clanton Park,33,19089,2021,89.0,483.4329224
121,Englemount-Lawrence,32,24465,2021,36.0,151.0130463
122,Yorkdale-Glen Park,31,17258,2021,95.0,578.668457
123,Brookhaven-Amesbury,30,18738,2021,49.0,262.9743042
124,Maple Leaf,29,10575,2021,13.0,123.7152634
125,Rustic,28,10404,2021,16.0,155.1891327
126,York University Heights,27,29897,2021,173.0,586.2221069
127,Glenfield-Jane Heights,25,32251,2021,106.0,331.3328247
128,Broadview North,57,12200,2021,11.0,90.68425751
129,Leaside-Bennington,56,18185,2021,86.0,481.199646
130,Thorncliffe Park,55,22508,2021,16.0,71.9974823
131,O'Connor-Parkview,54,19901,2021,43.0,218.3073578
132,Henry Farm,53,22782,2021,33.0,156.4351807
133,Bayview Village,52,25685,2021,42.0,170.7664185
134,Newtonbrook East,50,17338,2021,43.0,253.5227814
135,Bayview Woods-Steeles,49,13641,2021,27.0,200.4603119
136,Hillcrest Village,48,18076,2021,40.0,224.9718781
137,Alderwood,20,13503,2021,31.0,235.6518402
138,Long Branch,19,11601,2021,41.0,362.0309143
139,New Toronto,18,12205,2021,15.0,124.4813309
140,Stonegate-Queensway,16,26728,2021,70.0,265.332428
141,Kingsway South,15,10257,2021,36.0,360.6491699
142,Etobicoke West Mall,13,12713,2021,17.0,136.5900726
143,Markland Wood,12,10741,2021,22.0,204.8035736
144,Eringate-Centennial-West Deane,11,19558,2021,66.0,340.241272
145,Princess-Rosethorn,10,12552,2021,23.0,189.1447296
146,Edenbridge-Humber Valley,9,17271,2021,30.0,179.1365662
147,Humber Heights-Westmount,8,11398,2021,20.0,179.3882904
148,Willowridge-Martingrove-Richview,7,24097,2021,60.0,253.6676178
149,Kingsview Village-The Westway,6,22759,2021,82.0,360.281189
150,Elms-Old Rexdale,5,9884,2021,51.0,518.2399902
151,Rexdale-Kipling,4,10722,2021,40.0,372.5435486
152,Thistletown-Beaumond Heights,3,10530,2021,44.0,417.4969177
153,Mount Olive-Silverstone-Jamestown,2,35386,2021,77.0,220.5419006
154,West Humber-Clairville,1,36388,2021,496.0,1389.706055
155,Black Creek,24,23047,2021,65.0,285.1377563
156,Pelmo Park-Humberlea,23,12121,2021,67.0,570.4069214
157,Humbermede,22,16568,2021,61.0,370.4603577
158,Humber Summit,21,13425,2021,134.0,1016.691956
1,South Eglinton-Davisville,174,21987,2022,10.0,46.68970108
2,North Toronto,173,15077,2022,10.0,68.75687408
3,Dovercourt Village,172,13837,2022,25.0,181.3039398
4,Junction-Wallace Emerson,171,26240,2022,47.0,182.3330841
5,Yonge-Bay Corridor,170,14731,2022,29.0,204.038559
6,Bay-Cloverhill,169,19055,2022,14.0,75.55315399
7,Bendale-Glen Andrew,156,20773,2022,83.0,404.9768372
8,Downsview,155,17003,2022,127.0,752.0578003
9,Oakdale-Beverley Heights,154,21503,2022,107.0,503.4109497
10,Avondale,153,16149,2022,19.0,120.2531662
11,East Willowdale,152,18285,2022,44.0,244.7980347
12,Yonge-Doris,151,23234,2022,44.0,191.7545471
13,Fenside-Parkwoods,150,22909,2022,37.0,164.3275909
14,Parkwoods-O'Connor Hills,149,14788,2022,37.0,250.9835815
15,East L'Amoreaux,148,23988,2022,45.0,190.1542358
16,L'Amoreaux West,147,24374,2022,29.0,120.898819
17,Malvern East,146,28098,2022,45.0,161.7483215
18,Malvern West,145,19412,2022,55.0,286.1751404
19,Morningside Heights,144,28167,2022,128.0,461.4774475
20,West Rouge,143,22396,2022,67.0,302.2783813
21,Woburn North,142,29500,2022,107.0,366.8152161
22,Golfdale-Cedarbrae-Woburn,141,28651,2022,75.0,264.5409241
23,Guildwood,140,10332,2022,9.0,87.57419586
24,Scarborough Village,139,17713,2022,25.0,142.5963898
25,Eglinton East,138,24231,2022,44.0,183.6164093
26,West Hill,136,29259,2022,60.0,207.3183441
27,Morningside,135,18463,2022,52.0,283.6105957
28,Highland Creek,134,13871,2022,44.0,322.1791077
29,Centennial Scarborough,133,14609,2022,26.0,179.2485352
30,Milliken,130,28371,2022,103.0,366.105072
31,Agincourt North,129,31260,2022,49.0,157.9524231
32,Agincourt South-Malvern West,128,28097,2022,82.0,299.193634
33,Dorset Park,126,26286,2022,69.0,264.4387512
34,Ionview,125,14121,2022,10.0,70.7664032
35,Kennedy Park,124,18173,2022,53.0,294.085022
36,Cliffcrest,123,17922,2022,42.0,239.0302277
37,Birchcliffe-Cliffside,122,23417,2022,46.0,198.3442535
38,Downtown Yonge East,168,18023,2022,43.0,250.948349
39,Church-Wellesley,167,22938,2022,16.0,71.92627716
40,St Lawrence-East Bayfront-The Islands,166,31003,2022,39.0,129.3618164
41,Harbourfront-CityPlace,165,31477,2022,27.0,87.64526367
42,Wellington Place,164,28870,2022,73.0,261.6206055
43,Fort York-Liberty Village,163,21860,2022,16.0,75.01875305
44,West Queen West,162,15136,2022,23.0,155.2375793
45,Humber Bay Shores,161,20822,2022,52.0,259.028656
46,Mimico-Queensway,160,18313,2022,63.0,346.22995
47,Etobicoke City Centre,159,25495,2022,187.0,755.6166382
48,Islington,158,25937,2022,94.0,370.4579468
49,Bendale South,157,10881,2022,21.0,192.9792328
50,Caledonia-Fairbank,109,10581,2022,25.0,238.231369
51,Briar Hill-Belgravia,108,15146,2022,54.0,357.9952393
52,Oakwood Village,107,22404,2022,64.0,287.7568359
53,Humewood-Cedarvale,106,15620,2022,56.0,362.2719727
54,Lawrence Park North,105,15581,2022,81.0,523.2557983
55,Lawrence Park South,103,16778,2022,96.0,579.9903564
56,Forest Hill North,102,13172,2022,38.0,288.4250488
57,Forest Hill South,101,12160,2022,82.0,685.4467773
58,Yonge-Eglinton,100,13743,2022,35.0,260.7853394
59,Mount Pleasant East,99,18084,2022,63.0,351.2880554
60,Rosedale-Moore Park,98,23053,2022,108.0,476.1694946
61,Yonge-St.Clair,97,13953,2022,32.0,233.6107483
62,Casa Loma,96,11972,2022,30.0,253.9145203
63,Annex,95,34502,2022,66.0,197.4629059
64,Wychwood,94,14609,2022,33.0,228.1526489
65,Corso Italia-Davenport,92,14784,2022,38.0,259.0320435
66,Weston-Pelham Park,91,12330,2022,29.0,238.1930237
67,Junction Area,90,15252,2022,45.0,299.0231934
68,Oakridge,121,15389,2022,23.0,151.4852142
69,Clairlea-Birchmount,120,28782,2022,71.0,250.5469666
70,Wexford/Maryvale,119,29870,2022,130.0,438.5668945
71,Tam O'Shanter-Sullivan,118,29770,2022,80.0,271.7114563
72,Steeles,116,26395,2022,41.0,157.3473511
73,Mount Dennis,115,14256,2022,39.0,274.9577026
74,Lambton Baby Point,114,8294,2022,24.0,289.960144
75,Weston,113,19809,2022,97.0,495.6312866
76,Beechborough-Greenbrook,112,7057,2022,21.0,301.5941467
77,Rockcliffe-Smythe,111,23453,2022,61.0,261.4995422
78,Keelesdale-Eglinton West,110,11969,2022,29.0,243.125412
79,Palmerston-Little Italy,80,14699,2022,24.0,163.7442932
80,University,79,7564,2022,16.0,214.7939301
81,Kensington-Chinatown,78,21229,2022,36.0,174.7997131
82,North St.James Town,74,20492,2022,15.0,73.89890289
83,Moss Park,73,22207,2022,59.0,270.9404907
84,Regent Park,72,14166,2022,11.0,80.21000671
85,Cabbagetown-South St.James Town,71,11968,2022,19.0,160.2293854
86,South Riverdale,70,30135,2022,77.0,258.7365723
87,Blake-Jones,69,8229,2022,9.0,110.1321564
88,North Riverdale,68,12168,2022,31.0,256.4102478
89,Playter Estates-Danforth,67,7764,2022,17.0,218.7902222
90,Danforth,66,10173,2022,22.0,217.4557648
91,Greenwood-Coxwell,65,15400,2022,24.0,156.944809
92,Woodbine Corridor,64,13282,2022,19.0,143.5912933
93,The Beaches,63,23097,2022,54.0,236.0139923
94,East End-Danforth,62,23011,2022,41.0,180.0535736
95,Taylor-Massey,61,16157,2022,15.0,92.81604004
96,Woodbine-Lumsden,60,8141,2022,22.0,270.2370605
97,Danforth East York,59,17883,2022,51.0,286.227417
98,Old East York,58,9540,2022,22.0,231.0438995
99,Runnymede-Bloor West Village,89,10772,2022,30.0,279.7202759
100,High Park North,88,24474,2022,36.0,148.9942932
101,High Park-Swansea,87,26135,2022,76.0,295.1227112
102,Roncesvalles,86,15939,2022,22.0,138.5652161
103,South Parkdale,85,23054,2022,33.0,144.4770355
104,Little Portugal,84,17399,2022,26.0,151.3828278
105,Dufferin Grove,83,12709,2022,10.0,79.2330246
106,Trinity-Bellwoods,81,17814,2022,31.0,176.3568115
107,Don Valley Village,47,29424,2022,69.0,237.2846375
108,Pleasant View,46,16732,2022,27.0,162.5331116
109,Flemingdon Park,44,23485,2022,22.0,94.84803009
110,Victoria Village,43,18592,2022,35.0,189.6094055
111,Banbury-Don Mills,42,31047,2022,57.0,187.6666718
112,Bridle Path-Sunnybrook-York Mills,41,10707,2022,60.0,576.3135376
113,St.Andrew-Windfields,40,20205,2022,85.0,432.2180481
114,Bedford Park-Nortown,39,25583,2022,167.0,664.2007446
115,Lansing-Westgate,38,17872,2022,65.0,369.0665588
116,Willowdale West,37,19546,2022,44.0,228.8686676
117,Newtonbrook West,36,26265,2022,169.0,652.7616577
118,Westminster-Branson,35,27742,2022,84.0,304.6789856
119,Bathurst Manor,34,17255,2022,79.0,464.8973083
120,Clanton Park,33,19089,2022,164.0,877.8973389
121,Englemount-Lawrence,32,24465,2022,60.0,249.4076538
122,Yorkdale-Glen Park,31,17258,2022,193.0,1150.933228
123,Brookhaven-Amesbury,30,18738,2022,68.0,364.1816711
124,Maple Leaf,29,10575,2022,47.0,445.1179199
125,Rustic,28,10404,2022,35.0,338.2949829
126,York University Heights,27,29897,2022,230.0,775.6643677
127,Glenfield-Jane Heights,25,32251,2022,161.0,501.1829224
128,Broadview North,57,12200,2022,15.0,123.4263153
129,Leaside-Bennington,56,18185,2022,79.0,438.4017639
130,Thorncliffe Park,55,22508,2022,33.0,147.5651703
131,O'Connor-Parkview,54,19901,2022,40.0,202.1938019
132,Henry Farm,53,22782,2022,31.0,140.6150818
133,Bayview Village,52,25685,2022,61.0,242.9698029
134,Newtonbrook East,50,17338,2022,59.0,344.6664429
135,Bayview Woods-Steeles,49,13641,2022,14.0,103.504364
136,Hillcrest Village,48,18076,2022,16.0,89.52050781
137,Alderwood,20,13503,2022,68.0,511.1244812
138,Long Branch,19,11601,2022,33.0,287.1063232
139,New Toronto,18,12205,2022,42.0,347.0500793
140,Stonegate-Queensway,16,26728,2022,141.0,531.9951782
141,Kingsway South,15,10257,2022,68.0,674.0014038
142,Etobicoke West Mall,13,12713,2022,31.0,247.1300964
143,Markland Wood,12,10741,2022,31.0,288.6137085
144,Eringate-Centennial-West Deane,11,19558,2022,89.0,457.6776733
145,Princess-Rosethorn,10,12552,2022,61.0,495.6126099
146,Edenbridge-Humber Valley,9,17271,2022,76.0,448.5892944
147,Humber Heights-Westmount,8,11398,2022,29.0,257.1605835
148,Willowridge-Martingrove-Richview,7,24097,2022,106.0,445.1723938
149,Kingsview Village-The Westway,6,22759,2022,121.0,531.5177002
150,Elms-Old Rexdale,5,9884,2022,59.0,598.8631592
151,Rexdale-Kipling,4,10722,2022,55.0,512.9639893
152,Thistletown-Beaumond Heights,3,10530,2022,55.0,522.168396
153,Mount Olive-Silverstone-Jamestown,2,35386,2022,118.0,336.4411316
154,West Humber-Clairville,1,36388,2022,775.0,2153.794922
155,Black Creek,24,23047,2022,70.0,305.9707947
156,Pelmo Park-Humberlea,23,12121,2022,93.0,781.5783081
157,Humbermede,22,16568,2022,107.0,647.1513062
158,Humber Summit,21,13425,2022,174.0,1314.397949
1,South Eglinton-Davisville,174,21987,2023,21.0,95.51098633
2,North Toronto,173,15077,2023,18.0,119.387146
3,Dovercourt Village,172,13837,2023,28.0,202.3560028
4,Junction-Wallace Emerson,171,26240,2023,34.0,129.5731659
5,Yonge-Bay Corridor,170,14731,2023,46.0,312.2666626
6,Bay-Cloverhill,169,19055,2023,17.0,89.21543121
7,Bendale-Glen Andrew,156,20773,2023,144.0,693.2075195
8,Downsview,155,17003,2023,95.0,558.7249146
9,Oakdale-Beverley Heights,154,21503,2023,161.0,748.7327271
10,Avondale,153,16149,2023,25.0,154.8083496
11,East Willowdale,152,18285,2023,86.0,470.3308716
12,Yonge-Doris,151,23234,2023,47.0,202.2897491
13,Fenside-Parkwoods,150,22909,2023,40.0,174.6038666
14,Parkwoods-O'Connor Hills,149,14788,2023,55.0,371.9231873
15,East L'Amoreaux,148,23988,2023,53.0,220.9438019
16,L'Amoreaux West,147,24374,2023,63.0,258.4721375
17,Malvern East,146,28098,2023,64.0,227.7742157
18,Malvern West,145,19412,2023,55.0,283.329895
19,Morningside Heights,144,28167,2023,153.0,543.1888428
20,West Rouge,143,22396,2023,99.0,442.0432129
21,Woburn North,142,29500,2023,103.0,349.1525574
22,Golfdale-Cedarbrae-Woburn,141,28651,2023,78.0,272.2418213
23,Guildwood,140,10332,2023,23.0,222.609375
24,Scarborough Village,139,17713,2023,46.0,259.6962585
25,Eglinton East,138,24231,2023,49.0,202.2202911
26,West Hill,136,29259,2023,81.0,276.8378906
27,Morningside,135,18463,2023,50.0,270.8118896
28,Highland Creek,134,13871,2023,60.0,432.5571289
29,Centennial Scarborough,133,14609,2023,46.0,314.8743896
30,Milliken,130,28371,2023,298.0,1050.368286
31,Agincourt North,129,31260,2023,119.0,380.6781921
32,Agincourt South-Malvern West,128,28097,2023,127.0,452.0055542
33,Dorset Park,126,26286,2023,98.0,372.8220215
34,Ionview,125,14121,2023,34.0,240.7761536
35,Kennedy Park,124,18173,2023,45.0,247.6201019
36,Cliffcrest,123,17922,2023,60.0,334.7840576
37,Birchcliffe-Cliffside,122,23417,2023,71.0,303.1985168
38,Downtown Yonge East,168,18023,2023,45.0,249.6809692
39,Church-Wellesley,167,22938,2023,37.0,161.3043823
40,St Lawrence-East Bayfront-The Islands,166,31003,2023,43.0,138.6962585
41,Harbourfront-CityPlace,165,31477,2023,34.0,108.0153732
42,Wellington Place,164,28870,2023,71.0,245.9300385
43,Fort York-Liberty Village,163,21860,2023,23.0,105.215004
44,West Queen West,162,15136,2023,14.0,92.49471283
45,Humber Bay Shores,161,20822,2023,78.0,374.6037903
46,Mimico-Queensway,160,18313,2023,69.0,376.7815247
47,Etobicoke City Centre,159,25495,2023,294.0,1153.167236
48,Islington,158,25937,2023,170.0,655.4343262
49,Bendale South,157,10881,2023,24.0,220.5679626
50,Caledonia-Fairbank,109,10581,2023,33.0,311.8797913
51,Briar Hill-Belgravia,108,15146,2023,37.0,244.2889252
52,Oakwood Village,107,22404,2023,58.0,258.8823547
53,Humewood-Cedarvale,106,15620,2023,53.0,339.3085938
54,Lawrence Park North,105,15581,2023,81.0,519.8639526
55,Lawrence Park South,103,16778,2023,120.0,715.22229
56,Forest Hill North,102,13172,2023,53.0,402.3686523
57,Forest Hill South,101,12160,2023,94.0,773.0263062
58,Yonge-Eglinton,100,13743,2023,40.0,291.057251
59,Mount Pleasant East,99,18084,2023,57.0,315.1957397
60,Rosedale-Moore Park,98,23053,2023,143.0,620.3096924
61,Yonge-St.Clair,97,13953,2023,38.0,272.342865
62,Casa Loma,96,11972,2023,42.0,350.818573
63,Annex,95,34502,2023,81.0,234.7689972
64,Wychwood,94,14609,2023,26.0,177.9724884
65,Corso Italia-Davenport,92,14784,2023,39.0,263.7987061
66,Weston-Pelham Park,91,12330,2023,21.0,170.3162994
67,Junction Area,90,15252,2023,46.0,301.5997925
68,Oakridge,121,15389,2023,22.0,142.959259
69,Clairlea-Birchmount,120,28782,2023,122.0,423.8760376
70,Wexford/Maryvale,119,29870,2023,203.0,679.6116333
71,Tam O'Shanter-Sullivan,118,29770,2023,100.0,335.9086304
72,Steeles,116,26395,2023,63.0,238.6815643
73,Mount Dennis,115,14256,2023,55.0,385.8024597
74,Lambton Baby Point,114,8294,2023,20.0,241.1381683
75,Weston,113,19809,2023,106.0,535.1102905
76,Beechborough-Greenbrook,112,7057,2023,23.0,325.9175415
77,Rockcliffe-Smythe,111,23453,2023,75.0,319.7885132
78,Keelesdale-Eglinton West,110,11969,2023,34.0,284.0671692
79,Palmerston-Little Italy,80,14699,2023,14.0,95.2445755
80,University,79,7564,2023,7.0,92.54362488
81,Kensington-Chinatown,78,21229,2023,50.0,235.5268707
82,North St.James Town,74,20492,2023,10.0,48.79953003
83,Moss Park,73,22207,2023,43.0,193.6326447
84,Regent Park,72,14166,2023,12.0,84.70986938
85,Cabbagetown-South St.James Town,71,11968,2023,19.0,158.7566833
86,South Riverdale,70,30135,2023,81.0,268.7904358
87,Blake-Jones,69,8229,2023,7.0,85.0650177
88,North Riverdale,68,12168,2023,27.0,221.8934937
89,Playter Estates-Danforth,67,7764,2023,32.0,412.1586914
90,Danforth,66,10173,2023,25.0,245.7485504
91,Greenwood-Coxwell,65,15400,2023,29.0,188.3116913
92,Woodbine Corridor,64,13282,2023,32.0,240.9275665
93,The Beaches,63,23097,2023,58.0,251.1148682
94,East End-Danforth,62,23011,2023,50.0,217.287384
95,Taylor-Massey,61,16157,2023,28.0,173.2994995
96,Woodbine-Lumsden,60,8141,2023,16.0,196.5360565
97,Danforth East York,59,17883,2023,51.0,285.1870422
98,Old East York,58,9540,2023,32.0,335.4297791
99,Runnymede-Bloor West Village,89,10772,2023,42.0,389.8997498
100,High Park North,88,24474,2023,41.0,167.5247192
101,High Park-Swansea,87,26135,2023,54.0,206.6194763
102,Roncesvalles,86,15939,2023,28.0,175.6697388
103,South Parkdale,85,23054,2023,43.0,186.5186157
104,Little Portugal,84,17399,2023,23.0,132.1914978
105,Dufferin Grove,83,12709,2023,18.0,141.6319122
106,Trinity-Bellwoods,81,17814,2023,28.0,157.1797485
107,Don Valley Village,47,29424,2023,161.0,547.1723633
108,Pleasant View,46,16732,2023,45.0,268.9457397
109,Flemingdon Park,44,23485,2023,39.0,166.063446
110,Victoria Village,43,18592,2023,54.0,290.4475098
111,Banbury-Don Mills,42,31047,2023,150.0,483.1384583
112,Bridle Path-Sunnybrook-York Mills,41,10707,2023,80.0,747.1747437
113,St.Andrew-Windfields,40,20205,2023,136.0,673.100708
114,Bedford Park-Nortown,39,25583,2023,229.0,895.1256714
115,Lansing-Westgate,38,17872,2023,113.0,632.2739258
116,Willowdale West,37,19546,2023,59.0,301.8520508
117,Newtonbrook West,36,26265,2023,214.0,814.772522
118,Westminster-Branson,35,27742,2023,85.0,306.3946228
119,Bathurst Manor,34,17255,2023,76.0,440.4520569
120,Clanton Park,33,19089,2023,154.0,806.7473145
121,Englemount-Lawrence,32,24465,2023,68.0,277.9480896
122,Yorkdale-Glen Park,31,17258,2023,199.0,1153.088379
123,Brookhaven-Amesbury,30,18738,2023,74.0,394.9194031
124,Maple Leaf,29,10575,2023,49.0,463.3569641
125,Rustic,28,10404,2023,34.0,326.7973938
126,York University Heights,27,29897,2023,263.0,879.6869507
127,Glenfield-Jane Heights,25,32251,2023,119.0,368.9808044
128,Broadview North,57,12200,2023,17.0,139.3442688
129,Leaside-Bennington,56,18185,2023,112.0,615.8922119
130,Thorncliffe Park,55,22508,2023,55.0,244.3575592
131,O'Connor-Parkview,54,19901,2023,61.0,306.5172729
132,Henry Farm,53,22782,2023,67.0,294.0918274
133,Bayview Village,52,25685,2023,96.0,373.7590027
134,Newtonbrook East,50,17338,2023,75.0,432.5758362
135,Bayview Woods-Steeles,49,13641,2023,34.0,249.2485962
136,Hillcrest Village,48,18076,2023,73.0,403.8504028
137,Alderwood,20,13503,2023,48.0,355.4765625
138,Long Branch,19,11601,2023,37.0,318.9380188
139,New Toronto,18,12205,2023,38.0,311.3478088
140,Stonegate-Queensway,16,26728,2023,148.0,553.7264404
141,Kingsway South,15,10257,2023,88.0,857.9506836
142,Etobicoke West Mall,13,12713,2023,62.0,487.6897583
143,Markland Wood,12,10741,2023,50.0,465.506012
144,Eringate-Centennial-West Deane,11,19558,2023,120.0,613.5596924
145,Princess-Rosethorn,10,12552,2023,115.0,916.1886597
146,Edenbridge-Humber Valley,9,17271,2023,115.0,665.8560791
147,Humber Heights-Westmount,8,11398,2023,25.0,219.336731
148,Willowridge-Martingrove-Richview,7,24097,2023,105.0,435.7388916
149,Kingsview Village-The Westway,6,22759,2023,112.0,492.1130066
150,Elms-Old Rexdale,5,9884,2023,40.0,404.694458
151,Rexdale-Kipling,4,10722,2023,74.0,690.1697388
152,Thistletown-Beaumond Heights,3,10530,2023,48.0,455.8404541
153,Mount Olive-Silverstone-Jamestown,2,35386,2023,152.0,429.5484009
154,West Humber-Clairville,1,36388,2023,829.0,2278.223633
155,Black Creek,24,23047,2023,83.0,360.1336365
156,Pelmo Park-Humberlea,23,12121,2023,101.0,833.2645874
157,Humbermede,22,16568,2023,122.0,736.3592529
158,Humber Summit,21,13425,2023,131.0,975.7914429
